qseqid	sseqid	pident	length	mismatch	gapopen	qstart	qend	sstart	send	evalue	bitscore	qlen	staxids	ssciname	stitle
ASV_3	gi|3058723938|gb|CP199586.1|	100.000	253	0	0	1	253	5069	4817	5.79e-128	468	253	3457358	N/A	Arthrobacter sp. Hor0625 chromosome, complete genome
ASV_3	gi|3043036434|gb|PX124148.1|	100.000	253	0	0	1	253	426	678	5.79e-128	468	253	1667	N/A	Arthrobacter sp. strain TM10004 16S ribosomal RNA gene, partial sequence
ASV_3	gi|3042790749|gb|PX118918.1|	100.000	253	0	0	1	253	398	650	5.79e-128	468	253	1934409	N/A	Pseudarthrobacter sp. strain PSA15 16S ribosomal RNA gene, partial sequence
ASV_3	gi|3042790743|gb|PX118912.1|	100.000	253	0	0	1	253	429	681	5.79e-128	468	253	1934409	N/A	Pseudarthrobacter sp. strain PSA8 16S ribosomal RNA gene, partial sequence
ASV_3	gi|3033062162|gb|PX022939.1|	100.000	253	0	0	1	253	157	409	5.79e-128	468	253	121292	N/A	Pseudarthrobacter sulfonivorans strain S15 16S ribosomal RNA gene, partial sequence
ASV_3	gi|3033664164|gb|PX048557.1|	100.000	253	0	0	1	253	505	757	5.79e-128	468	253	1931993	N/A	Paenarthrobacter sp. strain 22069 16S ribosomal RNA gene, partial sequence
ASV_3	gi|3033170216|gb|PX023253.1|	100.000	253	0	0	1	253	474	726	5.79e-128	468	253	1934409	N/A	Pseudarthrobacter sp. strain G11 16S ribosomal RNA gene, partial sequence
ASV_3	gi|3032678433|gb|PX022367.1|	100.000	253	0	0	1	253	483	735	5.79e-128	468	253	409290	N/A	Arthrobacter oryzae strain KC18 16S ribosomal RNA gene, partial sequence
ASV_3	gi|3031244242|gb|PV992719.1|	100.000	253	0	0	1	253	509	761	5.79e-128	468	253	1667	N/A	Arthrobacter sp. strain CPO 20.6 16S ribosomal RNA gene, partial sequence
ASV_3	gi|3031244241|gb|PV992718.1|	100.000	253	0	0	1	253	520	772	5.79e-128	468	253	1667	N/A	Arthrobacter sp. strain CPO 20.5 16S ribosomal RNA gene, partial sequence
ASV_3	gi|3031244238|gb|PV992715.1|	100.000	253	0	0	1	253	508	760	5.79e-128	468	253	1934409	N/A	Pseudarthrobacter sp. strain CPO 20.2 16S ribosomal RNA gene, partial sequence
ASV_3	gi|3022638303|gb|PV931895.1|	100.000	253	0	0	1	253	487	739	5.79e-128	468	253	410837	N/A	Pseudarthrobacter defluvii strain KSPAN4 16S ribosomal RNA gene, partial sequence
ASV_3	gi|3014841930|gb|PV876263.1|	100.000	253	0	0	1	253	439	691	5.79e-128	468	253	409291	N/A	Arthrobacter humicola strain CAS48 16S ribosomal RNA gene, partial sequence
ASV_3	gi|3014841928|gb|PV876261.1|	100.000	253	0	0	1	253	425	677	5.79e-128	468	253	1356565	N/A	Arthrobacter ginsengisoli strain CAS34 16S ribosomal RNA gene, partial sequence
ASV_3	gi|3014841927|gb|PV876260.1|	100.000	253	0	0	1	253	450	702	5.79e-128	468	253	409291	N/A	Arthrobacter humicola strain CAS26 16S ribosomal RNA gene, partial sequence
ASV_3	gi|3012973051|gb|PV874905.1|	100.000	253	0	0	1	253	97	349	5.79e-128	468	253	1904863	N/A	Micrococcaceae bacterium strain Bernburg_DiControl_Isolate_116-2 16S ribosomal RNA gene, partial sequence
ASV_3	gi|3012973046|gb|PV874900.1|	100.000	253	0	0	1	253	86	338	5.79e-128	468	253	1934409	N/A	Pseudarthrobacter sp. strain Bernburg_DiControl_Isolate_115-20 16S ribosomal RNA gene, partial sequence
ASV_3	gi|3012973032|gb|PV874886.1|	100.000	253	0	0	1	253	96	348	5.79e-128	468	253	1934409	N/A	Pseudarthrobacter sp. strain Bernburg_DiControl_Isolate_115-3 16S ribosomal RNA gene, partial sequence
ASV_3	gi|3012973021|gb|PV874875.1|	100.000	253	0	0	1	253	103	355	5.79e-128	468	253	1934409	N/A	Pseudarthrobacter sp. strain Bernburg_DiControl_Isolate_114-15 16S ribosomal RNA gene, partial sequence
ASV_3	gi|3012973000|gb|PV874854.1|	100.000	253	0	0	1	253	98	350	5.79e-128	468	253	1667	N/A	Arthrobacter sp. strain Bernburg_DiControl_Isolate_113-3 16S ribosomal RNA gene, partial sequence
ASV_3	gi|3012972970|gb|PV874824.1|	100.000	253	0	0	1	253	95	347	5.79e-128	468	253	1934409	N/A	Pseudarthrobacter sp. strain Bernburg_DiControl_Isolate_111-8 16S ribosomal RNA gene, partial sequence
ASV_3	gi|3012972960|gb|PV874814.1|	100.000	253	0	0	1	253	98	350	5.79e-128	468	253	1904863	N/A	Micrococcaceae bacterium strain Bernburg_DiControl_Isolate_110-11 16S ribosomal RNA gene, partial sequence
ASV_3	gi|3012972955|gb|PV874809.1|	100.000	253	0	0	1	253	94	346	5.79e-128	468	253	1934409	N/A	Pseudarthrobacter sp. strain Bernburg_DiControl_Isolate_110-3 16S ribosomal RNA gene, partial sequence
ASV_3	gi|3012972952|gb|PV874806.1|	100.000	253	0	0	1	253	79	331	5.79e-128	468	253	1904863	N/A	Micrococcaceae bacterium strain Bernburg_DiControl_Isolate_109-22 16S ribosomal RNA gene, partial sequence
ASV_3	gi|3012972934|gb|PV874788.1|	100.000	253	0	0	1	253	95	347	5.79e-128	468	253	1667	N/A	Arthrobacter sp. strain Bernburg_DiControl_Isolate_108-23 16S ribosomal RNA gene, partial sequence
ASV_12	gi|532761294|gb|KC921181.1|	100.000	253	0	0	1	253	465	717	5.79e-128	468	253	1391540	N/A	Actinobacterium WWH12 16S ribosomal RNA gene, partial sequence
ASV_30	gi|1774780226|gb|MN686629.1|	100.000	253	0	0	1	253	466	718	5.79e-128	468	253	1404360	N/A	Solirubrobacter phytolaccae strain GTGR-8(T) 16S ribosomal RNA gene, partial sequence
ASV_30	gi|1435360249|gb|MH688822.1|	100.000	253	0	0	1	253	526	778	5.79e-128	468	253	1932788	N/A	Solirubrobacter sp. strain S48 16S ribosomal RNA gene, partial sequence
ASV_30	gi|1407511801|gb|MH509728.1|	100.000	253	0	0	1	253	510	762	5.79e-128	468	253	1932788	N/A	Solirubrobacter sp. strain CPCC 205708 16S ribosomal RNA gene, partial sequence
ASV_30	gi|2060187150|gb|MZ471322.1|	100.000	253	0	0	1	253	493	745	5.79e-128	468	253	1932788	N/A	Solirubrobacter sp. strain 681 16S ribosomal RNA gene, partial sequence
ASV_30	gi|2202206411|gb|OM884936.1|	100.000	253	0	0	1	253	493	745	5.79e-128	468	253	1932788	N/A	Solirubrobacter sp. strain 79 16S ribosomal RNA gene, partial sequence
ASV_30	gi|218750411|gb|FJ459990.1|	100.000	253	0	0	1	253	401	653	5.79e-128	468	253	580963	N/A	Solirubrobacter sp. L64 16S ribosomal RNA gene, partial sequence
ASV_30	gi|566084828|ref|NR_108192.1|	100.000	253	0	0	1	253	530	782	5.79e-128	468	253	77133;211446;490573	N/A	Solirubrobacter ginsenosidimutans strain BXN5-15 16S ribosomal RNA, partial sequence
ASV_30	gi|84453011|dbj|AB245336.1|	100.000	253	0	0	1	253	531	783	5.79e-128	468	253	211446;363834	N/A	Solirubrobacter sp. Gsoil 921 gene for 16S rRNA, partial sequence
ASV_30	gi|84453010|dbj|AB245335.1|	100.000	253	0	0	1	253	522	774	5.79e-128	468	253	363833	N/A	Solirubrobacter sp. Gsoil 917 gene for 16S rRNA, partial sequence
ASV_30	gi|343200678|ref|NR_041365.1|	100.000	253	0	0	1	253	515	767	5.79e-128	468	253	211446;363832	N/A	Solirubrobacter soli strain Gsoil 355 16S ribosomal RNA, partial sequence
ASV_30	gi|1132319596|gb|KY381887.1|	99.605	253	1	0	1	253	515	767	2.69e-126	462	253	1932788	N/A	Solirubrobacter sp. strain B809 16S ribosomal RNA gene, partial sequence
ASV_30	gi|2578831940|gb|OR564082.1|	99.605	253	1	0	1	253	509	761	2.69e-126	462	253	1395955	N/A	Solirubrobacter taibaiensis strain HS040 16S ribosomal RNA gene, partial sequence
ASV_30	gi|728797482|emb|LN614597.1|	99.605	253	1	0	1	253	481	733	2.69e-126	462	253	1560890	N/A	Solirubrobacter sp. D1B35 partial 16S rRNA gene, isolate D1B35
ASV_30	gi|2156865955|gb|OL677210.1|	99.605	253	1	0	1	253	515	767	2.69e-126	462	253	166793	N/A	Solirubrobacter pauli strain 21SJ02S-54 16S ribosomal RNA gene, partial sequence
ASV_30	gi|959495007|ref|NR_133858.1|	99.605	253	1	0	1	253	482	734	2.69e-126	462	253	1404360	N/A	Solirubrobacter phytolaccae strain GTGR-8 16S ribosomal RNA, partial sequence
ASV_30	gi|961555207|ref|NR_134176.1|	99.605	253	1	0	1	253	458	710	2.69e-126	462	253	211446;1395955	N/A	Solirubrobacter taibaiensis strain GTJR-20 16S ribosomal RNA, partial sequence
ASV_30	gi|310006381|gb|HQ219274.1|	100.000	235	0	0	1	235	460	694	5.87e-118	435	253	904251	N/A	Solirubrobacter sp. R110(2010) 16S ribosomal RNA gene, partial sequence
ASV_30	gi|1215531063|emb|LT853782.1|	99.569	232	1	0	1	232	464	695	1.27e-114	424	253	1404360	N/A	Solirubrobacter phytolaccae partial 16S rRNA gene, strain TSDHB10-85F
ASV_35	gi|2872331787|gb|PQ795595.1|	99.209	253	2	0	1	253	179	431	1.25e-124	457	253	1869227	N/A	Bacterium strain ASV43719 16S ribosomal RNA gene, partial sequence
ASV_59	gi|2872330560|gb|PQ794368.1|	100.000	253	0	0	1	253	179	431	5.79e-128	468	253	1869227	N/A	Bacterium strain ASV3137 16S ribosomal RNA gene, partial sequence
ASV_60	gi|2872330466|gb|PQ794274.1|	99.209	253	2	0	1	253	178	430	1.25e-124	457	253	1869227	N/A	Bacterium strain ASV969 16S ribosomal RNA gene, partial sequence
ASV_66	gi|2843846448|gb|PQ552112.1|	100.000	253	0	0	1	253	1	253	5.79e-128	468	253	77133;133154;1645740;1869227	N/A	Uncultured bacterium gp16 clone OTU_45 16S ribosomal RNA gene, partial sequence
ASV_71	gi|2872331246|gb|PQ795054.1|	100.000	253	0	0	1	253	177	429	5.79e-128	468	253	77133;1869227	N/A	Uncultured bacterium clone OTU43 16S ribosomal RNA gene, partial sequence
ASV_74	gi|2872330604|gb|PQ794412.1|	100.000	253	0	0	1	253	179	431	5.79e-128	468	253	221106;1869227	N/A	Uncultured Candidatus Rokubacteria bacterium clone OTU142 16S ribosomal RNA gene, partial sequence
ASV_91	gi|1371466636|gb|MH127700.1|	100.000	253	0	0	1	253	421	673	5.79e-128	468	253	1873136	N/A	Microvirga sp. strain EB242 16S ribosomal RNA gene, partial sequence
ASV_91	gi|1782942677|dbj|AB836013.1|	100.000	253	0	0	1	253	126	378	5.79e-128	468	253	1364401	N/A	Microvirga sp. So2Ps_902 gene for 16S rRNA, partial sequence
ASV_91	gi|1782941981|dbj|AB835317.1|	100.000	253	0	0	1	253	116	368	5.79e-128	468	253	1363228	N/A	Microvirga sp. Se3Pt_1618 gene for 16S rRNA, partial sequence
ASV_91	gi|2941027271|gb|PV369208.1|	100.000	253	0	0	1	253	411	663	5.79e-128	468	253	1882682	N/A	Microvirga ossetica strain QTB36 16S ribosomal RNA gene, partial sequence
ASV_91	gi|2886516112|gb|PQ870331.1|	100.000	253	0	0	1	253	427	679	5.79e-128	468	253	1873136	N/A	Microvirga sp. strain P20/5-1 16S ribosomal RNA gene, partial sequence
ASV_91	gi|2886516111|gb|PQ870330.1|	100.000	253	0	0	1	253	427	679	5.79e-128	468	253	1882682	N/A	Microvirga ossetica strain P20/4-1 16S ribosomal RNA gene, partial sequence
ASV_91	gi|1477913150|gb|MH930104.1|	100.000	253	0	0	1	253	393	645	5.79e-128	468	253	1402137	N/A	Microvirga zambiensis strain G81 16S ribosomal RNA gene, partial sequence
ASV_91	gi|1477913149|gb|MH930103.1|	100.000	253	0	0	1	253	399	651	5.79e-128	468	253	1402137	N/A	Microvirga zambiensis strain G80 16S ribosomal RNA gene, partial sequence
ASV_91	gi|2796677842|gb|PQ269496.1|	100.000	253	0	0	1	253	416	668	5.79e-128	468	253	1873136	N/A	Microvirga sp. strain TRM82938 16S ribosomal RNA gene, partial sequence
ASV_91	gi|1344721430|gb|MG966036.1|	100.000	253	0	0	1	253	365	617	5.79e-128	468	253	1869227	N/A	Bacterium strain C2-11-27F.seq 16S ribosomal RNA gene, partial sequence
ASV_91	gi|1344721420|gb|MG966026.1|	100.000	253	0	0	1	253	365	617	5.79e-128	468	253	1869227	N/A	Bacterium strain C3-9-27F.seq 16S ribosomal RNA gene, partial sequence
ASV_91	gi|1864207127|ref|NR_169421.1|	100.000	253	0	0	1	253	442	694	5.79e-128	468	253	2715425	N/A	Microvirga rosea strain MAH-2 16S ribosomal RNA, partial sequence
ASV_91	gi|2787382633|gb|PQ187386.1|	100.000	253	0	0	1	253	422	674	5.79e-128	468	253	1873136	N/A	Microvirga sp. strain 801 16S ribosomal RNA gene, partial sequence
ASV_91	gi|1275016989|gb|MF115971.1|	100.000	253	0	0	1	253	458	710	5.79e-128	468	253	1873136	N/A	Microvirga sp. strain THG-SMD1.16 16S ribosomal RNA gene, partial sequence
ASV_91	gi|2721260610|gb|PP724410.1|	100.000	253	0	0	1	253	396	648	5.79e-128	468	253	1873136	N/A	Microvirga sp. strain IOM-12 16S ribosomal RNA gene, partial sequence
ASV_91	gi|1071929731|gb|KX576555.1|	100.000	253	0	0	1	253	429	681	5.79e-128	468	253	1882682	N/A	Microvirga ossetica strain V5/13 16S ribosomal RNA gene, partial sequence
ASV_91	gi|1071929730|gb|KX576554.1|	100.000	253	0	0	1	253	430	682	5.79e-128	468	253	1882682	N/A	Microvirga ossetica strain V5/5K 16S ribosomal RNA gene, partial sequence
ASV_91	gi|1071929729|gb|KX576553.1|	100.000	253	0	0	1	253	429	681	5.79e-128	468	253	1882682	N/A	Microvirga ossetica strain V5/5M 16S ribosomal RNA gene, partial sequence
ASV_91	gi|1384992300|ref|NR_156049.1|	100.000	253	0	0	1	253	430	682	5.79e-128	468	253	1882682	N/A	Microvirga ossetica strain V5/3M 16S ribosomal RNA, partial sequence
ASV_91	gi|1049766302|gb|CP016616.1|	100.000	253	0	0	1	253	100658	100910	5.79e-128	468	253	1882682	N/A	Microvirga ossetica strain V5/3M, complete sequence.
ASV_91	gi|2328117188|gb|OP810544.1|	100.000	253	0	0	1	253	364	616	5.79e-128	468	253	1873136	N/A	Microvirga sp. strain C12-5A 16S ribosomal RNA gene, partial sequence
ASV_91	gi|1894821758|gb|MT909484.1|	100.000	253	0	0	1	253	397	649	5.79e-128	468	253	1869227	N/A	Bacterium strain GSD10346 16S ribosomal RNA gene, partial sequence
ASV_91	gi|1894821635|gb|MT909361.1|	100.000	253	0	0	1	253	394	646	5.79e-128	468	253	1869227	N/A	Bacterium strain GSD10222 16S ribosomal RNA gene, partial sequence
ASV_91	gi|1883786276|gb|MT826596.1|	100.000	253	0	0	1	253	393	645	5.79e-128	468	253	1873136	N/A	Microvirga sp. strain BAC0170 16S ribosomal RNA gene, partial sequence
ASV_91	gi|645320705|ref|NR_117847.1|	100.000	253	0	0	1	253	458	710	5.79e-128	468	253	864070	N/A	Microvirga zambiensis WSM3693 16S ribosomal RNA, partial sequence
ASV_93	gi|532761382|gb|KC921189.1|	100.000	253	0	0	1	253	470	722	5.79e-128	468	253	1391513	N/A	Bacterium WX65 16S ribosomal RNA gene, partial sequence
ASV_117	gi|356874590|dbj|AB529677.1|	99.209	253	2	0	1	253	338	590	1.25e-124	457	253	685826	N/A	Bacterium YO-33 gene for 16S ribosomal RNA, partial sequence
ASV_182	gi|1402368514|gb|MH482330.1|	100.000	253	0	0	1	253	445	697	5.79e-128	468	253	1069963	N/A	Janibacter alkaliphilus strain 20BR2R1 16S ribosomal RNA gene, partial sequence
ASV_182	gi|2645243140|gb|PP087035.1|	100.000	253	0	0	1	253	475	727	5.79e-128	468	253	1069963	N/A	Janibacter alkaliphilus strain HNS-S29 16S ribosomal RNA gene, partial sequence
ASV_182	gi|347810786|gb|JN615420.1|	100.000	253	0	0	1	253	437	689	5.79e-128	468	253	1087248	N/A	Janibacter sp. CBMAI 1072 16S ribosomal RNA gene, partial sequence
ASV_182	gi|566085411|ref|NR_109453.1|	100.000	253	0	0	1	253	457	709	5.79e-128	468	253	1069963	N/A	Janibacter alkaliphilus strain SCSIO 10480 16S ribosomal RNA, partial sequence
ASV_182	gi|3057024235|gb|PX279086.1|	99.605	253	1	0	1	253	396	648	2.69e-126	462	253	1870928	N/A	Janibacter sp. strain P3C3-03 16S ribosomal RNA gene, partial sequence
ASV_182	gi|3048872793|gb|PX225949.1|	99.605	253	1	0	1	253	443	695	2.69e-126	462	253	2730921	N/A	Knoellia koreensis strain CA20 16S ribosomal RNA gene, partial sequence
ASV_182	gi|2924878203|gb|PV247679.1|	99.605	253	1	0	1	253	516	768	2.69e-126	462	253	3404795	N/A	Knoellia altitudinis strain CPCC 206391 16S ribosomal RNA gene, partial sequence
ASV_182	gi|2871829340|gb|PQ779986.1|	99.605	253	1	0	1	253	483	735	2.69e-126	462	253	1879010	N/A	Bacillota bacterium strain ZHCPRcN20 16S ribosomal RNA gene, partial sequence
ASV_182	gi|2805779781|gb|PQ344106.1|	99.605	253	1	0	1	253	475	727	2.69e-126	462	253	442954	N/A	Knoellia aerolata strain SCK_607 16S ribosomal RNA gene, partial sequence
ASV_182	gi|2796986133|gb|PQ270256.1|	99.605	253	1	0	1	253	509	761	2.69e-126	462	253	1870928	N/A	Janibacter sp. strain B1373.24 16S ribosomal RNA gene, partial sequence
ASV_182	gi|2780841838|gb|PQ112186.1|	99.605	253	1	0	1	253	415	667	2.69e-126	462	253	1870928	N/A	Janibacter sp. strain n301 16S ribosomal RNA gene, partial sequence
ASV_182	gi|2738947385|gb|PP863089.1|	99.605	253	1	0	1	253	426	678	2.69e-126	462	253	857417	N/A	Janibacter indicus strain WS-68 16S ribosomal RNA gene, partial sequence
ASV_182	gi|2732840278|gb|CP155449.1|	99.605	253	1	0	1	253	1860892	1861144	2.69e-126	462	253	3126698	N/A	Knoellia sp. S7-12 chromosome, complete genome
ASV_182	gi|2732501705|gb|CP144167.1|	99.605	253	1	0	1	253	2463699	2463447	2.69e-126	462	253	103817	N/A	Janibacter terrae strain Sec5.9 chromosome, complete genome
ASV_182	gi|2724464549|gb|PP738583.1|	99.605	253	1	0	1	253	503	755	2.69e-126	462	253	1870928	N/A	Janibacter sp. strain GIW-2_MA 16S ribosomal RNA gene, partial sequence
ASV_182	gi|2724421487|gb|PP738449.1|	99.605	253	1	0	1	253	451	703	2.69e-126	462	253	1870928	N/A	Janibacter sp. strain PCLD115 16S ribosomal RNA gene, partial sequence
ASV_182	gi|2691249668|gb|PP424981.1|	99.605	253	1	0	1	253	456	708	2.69e-126	462	253	3107983	N/A	Marine bacterium strain ST2365 16S ribosomal RNA gene, partial sequence
ASV_182	gi|2691249626|gb|PP424943.1|	99.605	253	1	0	1	253	457	709	2.69e-126	462	253	3107983	N/A	Marine bacterium strain ST2320 16S ribosomal RNA gene, partial sequence
ASV_182	gi|2691249582|gb|PP424900.1|	99.605	253	1	0	1	253	455	707	2.69e-126	462	253	3107983	N/A	Marine bacterium strain ST2269 16S ribosomal RNA gene, partial sequence
ASV_182	gi|2691249566|gb|PP424884.1|	99.605	253	1	0	1	253	447	699	2.69e-126	462	253	3107983	N/A	Marine bacterium strain ST2250 16S ribosomal RNA gene, partial sequence
ASV_182	gi|2691249530|gb|PP424850.1|	99.605	253	1	0	1	253	427	679	2.69e-126	462	253	3107983	N/A	Marine bacterium strain ST2215 16S ribosomal RNA gene, partial sequence
ASV_182	gi|2691249525|gb|PP424845.1|	99.605	253	1	0	1	253	464	716	2.69e-126	462	253	3107983	N/A	Marine bacterium strain ST2210 16S ribosomal RNA gene, partial sequence
ASV_182	gi|2691249501|gb|PP424821.1|	99.605	253	1	0	1	253	465	717	2.69e-126	462	253	3107983	N/A	Marine bacterium strain ST2182 16S ribosomal RNA gene, partial sequence
ASV_182	gi|2691249472|gb|PP424792.1|	99.605	253	1	0	1	253	465	717	2.69e-126	462	253	3107983	N/A	Marine bacterium strain ST2149 16S ribosomal RNA gene, partial sequence
ASV_182	gi|2691249463|gb|PP424784.1|	99.605	253	1	0	1	253	458	710	2.69e-126	462	253	3107983	N/A	Marine bacterium strain ST2139 16S ribosomal RNA gene, partial sequence
ASV_210	gi|1441204311|ref|NR_157726.1|	99.209	253	2	0	1	253	502	754	1.25e-124	457	253	1892554	N/A	Adhaeribacter terrae strain HY02 16S ribosomal RNA, partial sequence
ASV_210	gi|631253062|ref|NR_114260.1|	99.209	253	2	0	1	253	496	748	1.25e-124	457	253	529703	N/A	Adhaeribacter terreus strain NBRC 104235 16S ribosomal RNA, partial sequence
ASV_210	gi|294992012|gb|GU933562.1|	99.209	253	2	0	1	253	467	719	1.25e-124	457	253	754925	N/A	Adhaeribacter sp. MJ115 16S ribosomal RNA gene, partial sequence
ASV_212	gi|2363085484|ref|NR_180991.1|	100.000	253	0	0	1	253	527	779	5.79e-128	468	253	2682097	N/A	Lysobacter gilvus strain HX-5-24 16S ribosomal RNA, partial sequence
ASV_212	gi|1651307651|dbj|LC481373.1|	100.000	253	0	0	1	253	507	759	5.79e-128	468	253	72226	N/A	Lysobacter sp. 45-72 gene for 16S ribosomal RNA, partial sequence
ASV_212	gi|1439156957|gb|MH703464.1|	100.000	253	0	0	1	253	526	778	5.79e-128	468	253	72226	N/A	Lysobacter sp. strain Gamma-33 16S ribosomal RNA gene, partial sequence
ASV_212	gi|2790585557|gb|PQ215983.1|	100.000	253	0	0	1	253	505	757	5.79e-128	468	253	2888523	N/A	Noviluteimonas lactosilytica strain HC039 16S ribosomal RNA gene, partial sequence
ASV_212	gi|1206483194|gb|KY753263.1|	100.000	253	0	0	1	253	495	747	5.79e-128	468	253	414050	N/A	Noviluteimonas dokdonensis strain YR-23 16S ribosomal RNA gene, partial sequence
ASV_212	gi|1150392643|gb|KY445614.1|	100.000	253	0	0	1	253	511	763	5.79e-128	468	253	72226	N/A	Lysobacter sp. strain MA76 16S ribosomal RNA gene, partial sequence
ASV_212	gi|2329567325|gb|OP847103.1|	100.000	253	0	0	1	253	507	759	5.79e-128	468	253	2682097	N/A	Lysobacter gilvus strain PS3R-13 16S ribosomal RNA gene, partial sequence
ASV_212	gi|485091262|gb|JQ977451.1|	100.000	253	0	0	1	253	498	750	5.79e-128	468	253	1327699;1971895	N/A	Thermomonas sp. Ms32 16S ribosomal RNA gene, partial sequence
ASV_212	gi|1893872237|gb|MT901002.1|	100.000	253	0	0	1	253	498	750	5.79e-128	468	253	72226	N/A	Lysobacter sp. strain 33 16S ribosomal RNA gene, partial sequence
ASV_212	gi|2030823628|gb|MZ057678.1|	100.000	253	0	0	1	253	489	741	5.79e-128	468	253	318121;1971895	N/A	Uncultured Thermomonas sp. clone Plot21-2F10 16S ribosomal RNA gene, partial sequence
ASV_212	gi|636559888|ref|NR_115948.1|	100.000	253	0	0	1	253	507	759	5.79e-128	468	253	1300345	N/A	Lysobacter dokdonensis DS-58 16S ribosomal RNA, partial sequence
ASV_212	gi|1150392669|gb|KY445640.1|	99.605	253	1	0	1	253	512	764	2.69e-126	462	253	72226	N/A	Lysobacter sp. strain MB93 16S ribosomal RNA gene, partial sequence
ASV_212	gi|2170217150|gb|CP089925.1|	99.605	253	1	0	1	253	1149326	1149578	2.69e-126	462	253	2904252	N/A	Lysobacter sp. KIS68-7 chromosome, complete genome
ASV_212	gi|2119849196|gb|OK576875.1|	99.605	253	1	0	1	253	527	779	2.69e-126	462	253	2888523	N/A	Noviluteimonas lactosilytica strain A6 16S ribosomal RNA gene, partial sequence
ASV_212	gi|1016451080|gb|KX034604.1|	99.209	253	2	0	1	253	470	722	1.25e-124	457	253	1827215	N/A	Lysobacter sp. BAB-5699 16S ribosomal RNA gene, partial sequence
ASV_223	gi|182894550|gb|EU594496.1|	99.605	253	1	0	1	253	188	440	2.69e-126	462	253	518708	N/A	Soil bacterium T16 16S ribosomal RNA gene, partial sequence
ASV_227	gi|1634227902|gb|MK890489.1|	100.000	253	0	0	1	253	458	710	5.79e-128	468	253	2320850	N/A	Mycolicibacterium sp. strain MYC162 16S ribosomal RNA gene, partial sequence
ASV_227	gi|1435360246|gb|MH688819.1|	100.000	253	0	0	1	253	490	742	5.79e-128	468	253	1785	N/A	Mycobacterium sp. strain S723 16S ribosomal RNA gene, partial sequence
ASV_227	gi|1137165639|gb|KY522837.1|	100.000	253	0	0	1	253	458	710	5.79e-128	468	253	1785	N/A	Mycobacterium sp. strain 158B 16S ribosomal RNA gene, partial sequence
ASV_227	gi|1269860193|ref|NR_028945.2|	100.000	253	0	0	1	253	508	760	5.79e-128	468	253	152142	N/A	Mycobacterium holsaticum strain 1406 16S ribosomal RNA, complete sequence
ASV_227	gi|2591109104|gb|OR648427.1|	100.000	253	0	0	1	253	464	716	5.79e-128	468	253	152142	N/A	Mycolicibacterium holsaticum strain 35_MI15_03829 16S ribosomal RNA gene, partial sequence
ASV_227	gi|2590804662|gb|OR647353.1|	100.000	253	0	0	1	253	506	758	5.79e-128	468	253	2320850	N/A	Mycolicibacterium sp. strain XJ879 16S ribosomal RNA gene, partial sequence
ASV_227	gi|1046910843|gb|KX607324.1|	100.000	253	0	0	1	253	403	655	5.79e-128	468	253	1785	N/A	Mycobacterium sp. strain 736 16S ribosomal RNA gene, partial sequence
ASV_227	gi|605098242|gb|KJ016150.1|	100.000	253	0	0	1	253	449	701	5.79e-128	468	253	1481006	N/A	Mycobacterium sp. Ume61 16S ribosomal RNA gene, partial sequence
ASV_227	gi|2207605878|gb|CP060018.1|	100.000	253	0	0	1	253	2870970	2871222	5.79e-128	468	253	1226752	N/A	Mycobacterium holsaticum DSM 44478 = JCM 12374 strain DSM 44478 chromosome, complete genome
ASV_227	gi|2083594391|gb|MZ851787.1|	100.000	253	0	0	1	253	432	684	5.79e-128	468	253	2320850	N/A	Mycolicibacterium sp. strain MOT3 16S ribosomal RNA gene and 16S-23S ribosomal RNA intergenic spacer, partial sequence
ASV_227	gi|2082078276|gb|CP080998.1|	100.000	253	0	0	1	253	1562350	1562602	5.79e-128	468	253	1226752	N/A	Mycolicibacterium holsaticum DSM 44478 = JCM 12374 chromosome, complete genome
ASV_227	gi|2022900707|gb|MW882248.1|	100.000	253	0	0	1	253	477	729	5.79e-128	468	253	1883427	N/A	Actinomycetes bacterium strain HBU208059 16S ribosomal RNA gene, partial sequence
ASV_227	gi|12750960|emb|AJ310467.1|	100.000	253	0	0	1	253	510	762	5.79e-128	468	253	152142	N/A	Mycobacterium holsaticum 16S rRNA gene, strain 1406
ASV_227	gi|1419002|emb|X93033.1|	100.000	253	0	0	1	253	473	725	5.79e-128	468	253	1785	N/A	Mycobacterium sp. 16S ribosomal RNA (strain MCRO 7)
ASV_227	gi|1782942256|dbj|AB835592.1|	99.605	253	1	0	1	253	132	384	2.69e-126	462	253	1364416	N/A	Mycobacterium sp. So1Ps_560 gene for 16S rRNA, partial sequence
ASV_227	gi|1782942254|dbj|AB835590.1|	99.605	253	1	0	1	253	130	382	2.69e-126	462	253	1364415	N/A	Mycobacterium sp. So1Ps_558 gene for 16S rRNA, partial sequence
ASV_227	gi|1591436770|gb|MK630282.1|	99.605	253	1	0	1	253	418	670	2.69e-126	462	253	1785	N/A	Mycobacterium sp. strain TNTM30 16S ribosomal RNA gene, partial sequence
ASV_227	gi|1398891162|gb|MH458861.1|	99.605	253	1	0	1	253	437	689	2.69e-126	462	253	1794	N/A	Mycolicibacterium gadium strain ArASM126 16S ribosomal RNA gene, partial sequence
ASV_227	gi|2591109091|gb|OR648414.1|	99.605	253	1	0	1	253	459	711	2.69e-126	462	253	1792	N/A	Mycolicibacterium chitae strain 32_MI14_10721 16S ribosomal RNA gene, partial sequence
ASV_227	gi|1087543834|gb|KY015047.1|	99.605	253	1	0	1	253	454	706	2.69e-126	462	253	1785	N/A	Mycobacterium sp. strain WMMA1731 16S ribosomal RNA gene, partial sequence
ASV_227	gi|1012303540|gb|KU564078.1|	99.605	253	1	0	1	253	436	688	2.69e-126	462	253	1820618	N/A	Mycobacterium sp. A16 16S ribosomal RNA gene, partial sequence
ASV_227	gi|2415991232|gb|OQ096661.1|	99.605	253	1	0	1	253	483	735	2.69e-126	462	253	56689	N/A	Mycolicibacterium mucogenicum strain ShilD7 16S ribosomal RNA gene, partial sequence
ASV_227	gi|2177159060|gb|OK539002.1|	99.605	253	1	0	1	253	404	656	2.69e-126	462	253	1792	N/A	Mycolicibacterium chitae strain 55_00891B 16S ribosomal RNA gene, partial sequence
ASV_227	gi|670661595|gb|DQ324791.2|	99.605	253	1	0	1	253	444	696	2.69e-126	462	253	266764	N/A	Mycobacterium sp. G1368 16S ribosomal RNA gene, partial sequence
ASV_227	gi|1883785499|gb|MT826390.1|	99.605	253	1	0	1	253	430	682	2.69e-126	462	253	1785	N/A	Mycobacterium sp. strain FXJ1.4350 16S ribosomal RNA gene, partial sequence
ASV_286	gi|2245484622|gb|ON611695.1|	99.605	253	1	0	1	253	507	759	2.69e-126	462	253	1872578	N/A	Aquabacterium sp. strain OR-4 16S ribosomal RNA gene, partial sequence
ASV_304	gi|1835951153|gb|MT415183.1|	100.000	253	0	0	1	253	465	717	5.79e-128	468	253	279573	N/A	Agromyces humatus strain CsMH-113 16S ribosomal RNA gene, partial sequence
ASV_304	gi|1834409201|gb|MT373570.1|	100.000	253	0	0	1	253	400	652	5.79e-128	468	253	293890	N/A	Agromyces subbeticus strain BaOD-279 16S ribosomal RNA gene, partial sequence
ASV_304	gi|1828205916|gb|MT279343.1|	100.000	253	0	0	1	253	266	518	5.79e-128	468	253	51513	N/A	Agromyces sp. strain LA10 16S ribosomal RNA gene, partial sequence
ASV_304	gi|1782942817|dbj|AB836153.1|	100.000	253	0	0	1	253	139	391	5.79e-128	468	253	1363676	N/A	Agromyces sp. So2Pw_1283 gene for 16S rRNA, partial sequence
ASV_304	gi|1782942679|dbj|AB836015.1|	100.000	253	0	0	1	253	133	385	5.79e-128	468	253	1363670	N/A	Agromyces sp. So2Ps_904 gene for 16S rRNA, partial sequence
ASV_304	gi|1782942594|dbj|AB835930.1|	100.000	253	0	0	1	253	140	392	5.79e-128	468	253	1363664	N/A	Agromyces sp. So2Ps_1680 gene for 16S rRNA, partial sequence
ASV_304	gi|1782942586|dbj|AB835922.1|	100.000	253	0	0	1	253	128	380	5.79e-128	468	253	1363663	N/A	Agromyces sp. So2Ps_1671 gene for 16S rRNA, partial sequence
ASV_304	gi|1782942552|dbj|AB835888.1|	100.000	253	0	0	1	253	140	392	5.79e-128	468	253	1363662	N/A	Agromyces sp. So2Ps_1635 gene for 16S rRNA, partial sequence
ASV_304	gi|1782942432|dbj|AB835770.1|	100.000	253	0	0	1	253	142	394	5.79e-128	468	253	1363654	N/A	Agromyces sp. So1Pw_1071 gene for 16S rRNA, partial sequence
ASV_304	gi|2740356096|gb|PP883206.1|	100.000	253	0	0	1	253	98	350	5.79e-128	468	253	51513	N/A	Agromyces sp. strain 63_25 16S ribosomal RNA gene, partial sequence
ASV_304	gi|2805779858|gb|PQ344183.1|	100.000	253	0	0	1	253	487	739	5.79e-128	468	253	279573	N/A	Agromyces humatus strain SM_813 16S ribosomal RNA gene, partial sequence
ASV_304	gi|2249938286|gb|ON698114.1|	100.000	253	0	0	1	253	466	718	5.79e-128	468	253	717856	N/A	Agromyces iriomotensis strain HIB-113 16S ribosomal RNA gene, partial sequence
ASV_304	gi|2562833079|gb|OR437053.1|	100.000	253	0	0	1	253	462	714	5.79e-128	468	253	717856	N/A	Agromyces iriomotensis strain 23242 16S ribosomal RNA gene, partial sequence
ASV_304	gi|2560329759|gb|OR417314.1|	100.000	253	0	0	1	253	462	714	5.79e-128	468	253	51513	N/A	Agromyces sp. strain SLT23 16S ribosomal RNA gene, partial sequence
ASV_304	gi|2246519950|gb|ON630019.1|	100.000	253	0	0	1	253	190	442	5.79e-128	468	253	717856	N/A	Agromyces iriomotensis strain ZSBA23102 16S ribosomal RNA gene, partial sequence
ASV_304	gi|2058286375|gb|MZ452529.1|	100.000	253	0	0	1	253	431	683	5.79e-128	468	253	717856	N/A	Agromyces iriomotensis strain EpV30 16S ribosomal RNA gene, partial sequence
ASV_304	gi|1968321007|gb|MW546194.1|	100.000	253	0	0	1	253	499	751	5.79e-128	468	253	51513	N/A	Agromyces sp. strain A5X5R3 16S ribosomal RNA gene, partial sequence
ASV_304	gi|1968321005|gb|MW546192.1|	100.000	253	0	0	1	253	499	751	5.79e-128	468	253	51513	N/A	Agromyces sp. strain A5X5R1 16S ribosomal RNA gene, partial sequence
ASV_304	gi|1968320947|gb|MW546134.1|	100.000	253	0	0	1	253	497	749	5.79e-128	468	253	51513	N/A	Agromyces sp. strain A1X5R5 16S ribosomal RNA gene, partial sequence
ASV_304	gi|1968320944|gb|MW546131.1|	100.000	253	0	0	1	253	501	753	5.79e-128	468	253	51513	N/A	Agromyces sp. strain A1X4S5 16S ribosomal RNA gene, partial sequence
ASV_304	gi|1968320940|gb|MW546127.1|	100.000	253	0	0	1	253	510	762	5.79e-128	468	253	51513	N/A	Agromyces sp. strain A5X5S1 16S ribosomal RNA gene, partial sequence
ASV_304	gi|1968320935|gb|MW546122.1|	100.000	253	0	0	1	253	505	757	5.79e-128	468	253	51513	N/A	Agromyces sp. strain A1X4R11 16S ribosomal RNA gene, partial sequence
ASV_304	gi|1968320933|gb|MW546120.1|	100.000	253	0	0	1	253	435	687	5.79e-128	468	253	51513	N/A	Agromyces sp. strain A1X4R2 16S ribosomal RNA gene, partial sequence
ASV_304	gi|1968320928|gb|MW546115.1|	100.000	253	0	0	1	253	506	758	5.79e-128	468	253	51513	N/A	Agromyces sp. strain A1X4R13 16S ribosomal RNA gene, partial sequence
ASV_304	gi|1883785471|gb|MT826362.1|	100.000	253	0	0	1	253	444	696	5.79e-128	468	253	51513	N/A	Agromyces sp. strain FXJ1.4091 16S ribosomal RNA gene, partial sequence
ASV_313	gi|1147668877|gb|KY621474.1|	100.000	253	0	0	1	253	448	700	5.79e-128	468	253	82	N/A	Hyphomicrobium sp. strain NDB2Meth4 16S ribosomal RNA gene, partial sequence
ASV_313	gi|3024353814|gb|PV942281.1|	99.605	253	1	0	1	253	470	722	2.69e-126	462	253	82	N/A	Hyphomicrobium sp. strain 1Nfss2.1 16S ribosomal RNA gene, partial sequence
ASV_313	gi|1772810644|gb|MN647626.1|	99.605	253	1	0	1	253	475	727	2.69e-126	462	253	2665159	N/A	Hyphomicrobium album strain XQ2 16S ribosomal RNA gene, partial sequence
ASV_313	gi|2957871161|emb|OZ251603.1|	99.605	253	1	0	1	253	2128111	2127859	2.69e-126	462	253	3413936	N/A	Hyphomicrobium sp. 1Nfss2.1 genome assembly, chromosome: HNF
ASV_313	gi|2363085336|ref|NR_180916.1|	99.605	253	1	0	1	253	475	727	2.69e-126	462	253	2665159	N/A	Hyphomicrobium album strain XQ2 16S ribosomal RNA, partial sequence
ASV_313	gi|532761017|gb|KC921159.1|	99.605	253	1	0	1	253	374	626	2.69e-126	462	253	1391521	N/A	Hyphomicrobiaceae bacterium LX49 16S ribosomal RNA gene, partial sequence
ASV_313	gi|124377708|dbj|AB291823.1|	99.605	253	1	0	1	253	332	584	2.69e-126	462	253	423104	N/A	Hyphomicrobium sp. Pd-E-(r)-e-D-5(2) gene for 16S rRNA, partial sequence
ASV_313	gi|66363655|gb|AY934489.1|	99.605	253	1	0	1	253	441	693	2.69e-126	462	253	325222	N/A	Hyphomicrobium sp. LAT3 16S ribosomal RNA gene, partial sequence
ASV_313	gi|1800674788|emb|LR743509.1|	99.209	253	2	0	1	253	1747885	1748137	1.25e-124	457	253	2682968	N/A	Hyphomicrobium sp. ghe19 isolate hypp genome assembly, chromosome: 1
ASV_313	gi|14582409|gb|AF279787.1|AF279787	99.209	253	2	0	1	253	430	682	1.25e-124	457	253	161967	N/A	Hyphomicrobium sp. PMC 16S ribosomal RNA gene, partial sequence
ASV_352	gi|2624667576|gb|OR878934.1|	100.000	253	0	0	1	253	456	708	5.79e-128	468	253	1873459	N/A	Blastococcus sp. strain CBI_002 16S ribosomal RNA gene, partial sequence
ASV_352	gi|2624667543|gb|OR878901.1|	100.000	253	0	0	1	253	456	708	5.79e-128	468	253	1873459	N/A	Blastococcus sp. strain B12_004 16S ribosomal RNA gene, partial sequence
ASV_352	gi|984880255|emb|LN876386.1|	100.000	253	0	0	1	253	455	707	5.79e-128	468	253	1702999	N/A	Blastococcus sp. URHB0062 partial 16S rRNA gene, strain URHB0062
ASV_352	gi|2705606341|gb|PP554295.1|	99.209	253	2	0	1	253	484	736	1.25e-124	457	253	1882271	N/A	Geodermatophilaceae bacterium strain CPCC_205249 16S ribosomal RNA gene, partial sequence
ASV_352	gi|1137647771|ref|NR_145553.1|	99.209	253	2	0	1	253	506	758	1.25e-124	457	253	1608613	N/A	Modestobacter lapidis strain MON3.1 16S ribosomal RNA, partial sequence
ASV_359	gi|1124890984|gb|KY386524.1|	100.000	253	0	0	1	253	312	564	5.79e-128	468	253	1909296	N/A	Marmoricola sp. strain R-67804 16S ribosomal RNA gene, partial sequence
ASV_359	gi|902761418|dbj|LC065304.1|	100.000	253	0	0	1	253	369	621	5.79e-128	468	253	1682669	N/A	Nocardioides sp. NCCP-1277 gene for 16S ribosomal RNA, partial sequence
ASV_359	gi|2293333181|gb|OP344400.1|	100.000	253	0	0	1	253	434	686	5.79e-128	468	253	433659	N/A	Nocardioides mesophilus strain W478 16S ribosomal RNA gene, partial sequence
ASV_359	gi|1116030235|ref|NR_144693.1|	100.000	253	0	0	1	253	420	672	5.79e-128	468	253	1325935	N/A	Nocardioides massiliensis strain GD13 16S ribosomal RNA, partial sequence
ASV_359	gi|1968321012|gb|MW546199.1|	100.000	253	0	0	1	253	489	741	5.79e-128	468	253	1909296	N/A	Marmoricola sp. strain A5X5S5 16S ribosomal RNA gene, partial sequence
ASV_359	gi|1898514180|gb|CP060713.1|	100.000	253	0	0	1	253	151212	150960	5.79e-128	468	253	433659	N/A	Nocardioides mesophilus strain KACC 16243 chromosome, complete genome
ASV_359	gi|636559967|ref|NR_116027.1|	100.000	253	0	0	1	253	458	710	5.79e-128	468	253	433659	N/A	Nocardioides mesophilus strain MSL-22 16S ribosomal RNA, partial sequence
ASV_359	gi|3047036303|gb|PX207510.1|	99.605	253	1	0	1	253	509	761	2.69e-126	462	253	35761	N/A	Nocardioides sp. strain DSM 117947 16S ribosomal RNA gene, partial sequence
ASV_359	gi|1782951832|dbj|AB833015.1|	99.605	253	1	0	1	253	121	373	2.69e-126	462	253	1360557	N/A	Marmoricola sp. Ri2Pt_4176 gene for 16S rRNA, partial sequence
ASV_359	gi|1782951647|dbj|AB832830.1|	99.605	253	1	0	1	253	129	381	2.69e-126	462	253	1360271	N/A	Marmoricola sp. Ri2Pt_3939 gene for 16S rRNA, partial sequence
ASV_359	gi|1782951490|dbj|AB832673.1|	99.605	253	1	0	1	253	125	377	2.69e-126	462	253	1360114	N/A	Marmoricola sp. Ri2Ps_5057 gene for 16S rRNA, partial sequence
ASV_359	gi|2806731072|gb|PQ351029.1|	99.605	253	1	0	1	253	152	404	2.69e-126	462	253	35761	N/A	Nocardioides sp. strain b99 16S ribosomal RNA gene, partial sequence
ASV_359	gi|2806731071|gb|PQ351028.1|	99.605	253	1	0	1	253	164	416	2.69e-126	462	253	35761	N/A	Nocardioides sp. strain b98 16S ribosomal RNA gene, partial sequence
ASV_359	gi|1435970488|gb|MH699202.1|	99.605	253	1	0	1	253	488	740	2.69e-126	462	253	1909296	N/A	Marmoricola sp. strain MB16 16S ribosomal RNA gene, partial sequence
ASV_359	gi|1435970416|gb|MH699130.1|	99.605	253	1	0	1	253	491	743	2.69e-126	462	253	1909296	N/A	Marmoricola sp. strain MA5 16S ribosomal RNA gene, partial sequence
ASV_359	gi|1435877931|gb|MH698689.1|	99.605	253	1	0	1	253	488	740	2.69e-126	462	253	1909296	N/A	Marmoricola sp. strain TM-A83 16S ribosomal RNA gene, partial sequence
ASV_359	gi|1435360185|gb|MH688758.1|	99.605	253	1	0	1	253	497	749	2.69e-126	462	253	1909296	N/A	Marmoricola sp. strain A15 16S ribosomal RNA gene, partial sequence
ASV_359	gi|2783368958|gb|PQ136062.1|	99.605	253	1	0	1	253	440	692	2.69e-126	462	253	1909296	N/A	Marmoricola sp. strain BM1F5002 16S ribosomal RNA gene, partial sequence
ASV_359	gi|2744505774|gb|PP927997.1|	99.605	253	1	0	1	253	470	722	2.69e-126	462	253	1909296	N/A	Marmoricola sp. strain Sed 4h 16S ribosomal RNA gene, partial sequence
ASV_359	gi|2640698102|gb|PP049571.1|	99.605	253	1	0	1	253	479	731	2.69e-126	462	253	642780	N/A	Nocardioides scoriae strain N34 16S ribosomal RNA gene, partial sequence
ASV_359	gi|2638458570|gb|PP024020.1|	99.605	253	1	0	1	253	434	686	2.69e-126	462	253	715784	N/A	Nocardioides iriomotensis strain M19 16S ribosomal RNA gene, partial sequence
ASV_359	gi|1679775897|ref|NR_163619.1|	99.605	253	1	0	1	253	432	684	2.69e-126	462	253	1645666	N/A	Marmoricola silvestris strain S20-100 16S ribosomal RNA, partial sequence
ASV_359	gi|2428167247|gb|OQ255085.1|	99.605	253	1	0	1	253	468	720	2.69e-126	462	253	1645666	N/A	Marmoricola silvestris strain S4-18 16S ribosomal RNA gene, partial sequence
ASV_359	gi|1968321034|gb|MW546221.1|	99.605	253	1	0	1	253	489	741	2.69e-126	462	253	1909296	N/A	Marmoricola sp. strain C0X3S12 16S ribosomal RNA gene, partial sequence
ASV_359	gi|1937370461|gb|MW295519.1|	99.605	253	1	0	1	253	482	734	2.69e-126	462	253	715784	N/A	Nocardioides iriomotensis strain 20SRW-23 16S ribosomal RNA gene, partial sequence
ASV_396	gi|1150392576|gb|KY176937.1|	99.209	253	2	0	1	253	507	759	1.25e-124	457	253	35761	N/A	Nocardioides sp. strain S78 16S ribosomal RNA gene, partial sequence
ASV_396	gi|1150392572|gb|KY176933.1|	99.209	253	2	0	1	253	507	759	1.25e-124	457	253	35761	N/A	Nocardioides sp. strain S68 16S ribosomal RNA gene, partial sequence
ASV_402	gi|3055197823|gb|PX248768.1|	100.000	253	0	0	1	253	489	741	5.79e-128	468	253	1931	N/A	Streptomyces sp. strain KR80 16S ribosomal RNA gene, partial sequence
ASV_402	gi|3037693468|gb|PX096313.1|	100.000	253	0	0	1	253	454	706	5.79e-128	468	253	1931	N/A	Streptomyces sp. strain F46 16S ribosomal RNA gene, partial sequence
ASV_402	gi|3037693465|gb|PX096310.1|	100.000	253	0	0	1	253	454	706	5.79e-128	468	253	1931	N/A	Streptomyces sp. strain F37 16S ribosomal RNA gene, partial sequence
ASV_402	gi|3037693415|gb|PX096260.1|	100.000	253	0	0	1	253	446	698	5.79e-128	468	253	1931	N/A	Streptomyces sp. strain Q24 16S ribosomal RNA gene, partial sequence
ASV_402	gi|3037693385|gb|PX096230.1|	100.000	253	0	0	1	253	450	702	5.79e-128	468	253	1931	N/A	Streptomyces sp. strain Z53 16S ribosomal RNA gene, partial sequence
ASV_402	gi|2955133874|gb|CP134822.1|	100.000	253	0	0	1	253	351351	351603	5.79e-128	468	253	1038928	N/A	Streptomyces xinghaiensis strain sf106 chromosome, complete genome
ASV_402	gi|2940912120|gb|PV368444.1|	100.000	253	0	0	1	253	476	728	5.79e-128	468	253	2995709	N/A	Actinacidiphila sp. strain OFY2 16S ribosomal RNA gene, partial sequence
ASV_402	gi|2916682729|gb|PV168343.1|	100.000	253	0	0	1	253	500	752	5.79e-128	468	253	1038928	N/A	Streptomyces xinghaiensis strain HDN190910 16S ribosomal RNA gene, partial sequence
ASV_402	gi|2886546629|gb|PQ870463.1|	100.000	253	0	0	1	253	452	704	5.79e-128	468	253	1931	N/A	Streptomyces sp. strain AR6 16S ribosomal RNA gene, partial sequence
ASV_402	gi|2875654771|gb|PQ826002.1|	100.000	253	0	0	1	253	452	704	5.79e-128	468	253	1931	N/A	Streptomyces sp. strain TRM82673 16S ribosomal RNA gene, partial sequence
ASV_402	gi|2875654767|gb|PQ826000.1|	100.000	253	0	0	1	253	454	706	5.79e-128	468	253	1931	N/A	Streptomyces sp. strain TRM82671 16S ribosomal RNA gene, partial sequence
ASV_402	gi|2875654759|gb|PQ825996.1|	100.000	253	0	0	1	253	456	708	5.79e-128	468	253	1931	N/A	Streptomyces sp. strain TRM82667 16S ribosomal RNA gene, partial sequence
ASV_402	gi|2875654736|gb|PQ825985.1|	100.000	253	0	0	1	253	449	701	5.79e-128	468	253	1931	N/A	Streptomyces sp. strain TRM82656 16S ribosomal RNA gene, partial sequence
ASV_402	gi|2842777655|gb|PQ526362.1|	100.000	253	0	0	1	253	443	695	5.79e-128	468	253	1226757	N/A	Streptomyces rapamycinicus strain TM26 16S ribosomal RNA gene, partial sequence
ASV_402	gi|2812704409|gb|PQ415370.1|	100.000	253	0	0	1	253	170	422	5.79e-128	468	253	1931	N/A	Streptomyces sp. strain F43 16S ribosomal RNA gene, partial sequence
ASV_402	gi|2806497236|gb|PQ349459.1|	100.000	253	0	0	1	253	470	722	5.79e-128	468	253	1931	N/A	Streptomyces sp. strain SH30 16S ribosomal RNA gene, partial sequence
ASV_402	gi|2801984182|gb|PQ312618.1|	100.000	253	0	0	1	253	441	693	5.79e-128	468	253	1931	N/A	Streptomyces sp. strain S48_TISTR 16S ribosomal RNA gene, partial sequence
ASV_402	gi|2796677947|gb|PQ269601.1|	100.000	253	0	0	1	253	452	704	5.79e-128	468	253	1931	N/A	Streptomyces sp. strain TRM83044 16S ribosomal RNA gene, partial sequence
ASV_402	gi|2796677926|gb|PQ269580.1|	100.000	253	0	0	1	253	445	697	5.79e-128	468	253	1931	N/A	Streptomyces sp. strain TRM83023 16S ribosomal RNA gene, partial sequence
ASV_402	gi|2745588751|gb|PP935388.1|	100.000	253	0	0	1	253	443	695	5.79e-128	468	253	1038928	N/A	Streptomyces xinghaiensis strain GXL0088 16S ribosomal RNA gene, partial sequence
ASV_402	gi|2741118649|gb|PP892155.1|	100.000	253	0	0	1	253	450	702	5.79e-128	468	253	1931	N/A	Streptomyces sp. strain L-H-5 16S ribosomal RNA gene, partial sequence
ASV_402	gi|2727267025|gb|PP758709.1|	100.000	253	0	0	1	253	483	735	5.79e-128	468	253	1931	N/A	Streptomyces sp. strain 3N406 16S ribosomal RNA gene, partial sequence
ASV_402	gi|2727266991|gb|PP758675.1|	100.000	253	0	0	1	253	498	750	5.79e-128	468	253	1931	N/A	Streptomyces sp. strain 8N706 16S ribosomal RNA gene, partial sequence
ASV_402	gi|2700707212|gb|PP504445.1|	100.000	253	0	0	1	253	428	680	5.79e-128	468	253	1436133	N/A	Actinacidiphila bryophytorum strain SP16 16S ribosomal RNA gene, partial sequence
ASV_402	gi|2691248258|gb|PP424024.1|	100.000	253	0	0	1	253	452	704	5.79e-128	468	253	3107983	N/A	Marine bacterium strain ST1293 16S ribosomal RNA gene, partial sequence
ASV_448	gi|3057917703|gb|PX290281.1|	100.000	253	0	0	1	253	480	732	5.79e-128	468	253	1797754	N/A	Bacillus nitroreducens strain BBAC03 16S ribosomal RNA gene, partial sequence
ASV_448	gi|3057900705|gb|PX286118.1|	100.000	253	0	0	1	253	477	729	5.79e-128	468	253	2026189	N/A	Bacillus albus strain TVCGN08 16S ribosomal RNA gene, partial sequence
ASV_448	gi|3057886437|gb|PX285958.1|	100.000	253	0	0	1	253	477	729	5.79e-128	468	253	1428	N/A	Bacillus thuringiensis strain TVCGN07 16S ribosomal RNA gene, partial sequence
ASV_448	gi|3057886404|gb|PX285954.1|	100.000	253	0	0	1	253	476	728	5.79e-128	468	253	1396	N/A	Bacillus cereus strain TVCGN06 16S ribosomal RNA gene, partial sequence
ASV_448	gi|3057885600|gb|PX285914.1|	100.000	253	0	0	1	253	490	742	5.79e-128	468	253	1396	N/A	Bacillus cereus strain BTLBi3 16S ribosomal RNA gene, partial sequence
ASV_448	gi|3057697149|gb|PX285700.1|	100.000	253	0	0	1	253	522	774	5.79e-128	468	253	2026192	N/A	Bacillus proteolyticus strain Bp1 16S ribosomal RNA gene, partial sequence
ASV_448	gi|3057490665|gb|PX285249.1|	100.000	253	0	0	1	253	470	722	5.79e-128	468	253	1396	N/A	Bacillus cereus strain SS5003 16S ribosomal RNA gene, partial sequence
ASV_448	gi|3057399010|gb|PX283353.1|	100.000	253	0	0	1	253	439	691	5.79e-128	468	253	155322	N/A	Bacillus toyonensis strain 544 16S ribosomal RNA gene, partial sequence
ASV_448	gi|3057399009|gb|PX283352.1|	100.000	253	0	0	1	253	478	730	5.79e-128	468	253	1428	N/A	Bacillus thuringiensis strain 647 16S ribosomal RNA gene, partial sequence
ASV_448	gi|3057395587|gb|PX281876.1|	100.000	253	0	0	1	253	494	746	5.79e-128	468	253	1428	N/A	Bacillus thuringiensis strain SKM-2 16S ribosomal RNA gene, partial sequence
ASV_448	gi|3057024139|gb|PX278990.1|	100.000	253	0	0	1	253	482	734	5.79e-128	468	253	1409	N/A	Bacillus sp. (in: firmicutes) strain P2C4-05 16S ribosomal RNA gene, partial sequence
ASV_448	gi|3057013083|gb|PX277005.1|	100.000	253	0	0	1	253	181	433	5.79e-128	468	253	1409	N/A	Bacillus sp. (in: firmicutes) strain M3-3 16S ribosomal RNA gene, partial sequence
ASV_448	gi|3056960428|gb|PX272173.1|	100.000	253	0	0	1	253	511	763	5.79e-128	468	253	1890302	N/A	Bacillus wiedmannii strain Sequence_ID32027F 16S ribosomal RNA gene, partial sequence
ASV_448	gi|3056960426|gb|PX272171.1|	100.000	253	0	0	1	253	228	480	5.79e-128	468	253	2026192	N/A	Bacillus proteolyticus strain Sequence_ID291492R 16S ribosomal RNA gene, partial sequence
ASV_448	gi|3056960425|gb|PX272170.1|	100.000	253	0	0	1	253	506	758	5.79e-128	468	253	1405	N/A	Bacillus mycoides strain Sequence_ID29427F 16S ribosomal RNA gene, partial sequence
ASV_448	gi|3056960424|gb|PX272169.1|	100.000	253	0	0	1	253	507	759	5.79e-128	468	253	2026190	N/A	Bacillus mobilis strain Sequence_ID50127F 16S ribosomal RNA gene, partial sequence
ASV_448	gi|3056960423|gb|PX272168.1|	100.000	253	0	0	1	253	504	756	5.79e-128	468	253	1396	N/A	Bacillus cereus strain Sequence_ID11027F 16S ribosomal RNA gene, partial sequence
ASV_448	gi|3056960421|gb|PX272166.1|	100.000	253	0	0	1	253	507	759	5.79e-128	468	253	2026189	N/A	Bacillus albus strain Sequence_ID49427F 16S ribosomal RNA gene, partial sequence
ASV_448	gi|3056960383|gb|PX272162.1|	100.000	253	0	0	1	253	167	419	5.79e-128	468	253	1402	N/A	Bacillus licheniformis strain D2 16S ribosomal RNA gene, partial sequence
ASV_448	gi|3056958620|gb|PX271255.1|	100.000	253	0	0	1	253	540	792	5.79e-128	468	253	1396	N/A	Bacillus cereus strain SF1 16S ribosomal RNA gene, partial sequence
ASV_448	gi|3056516080|gb|PX262056.1|	100.000	253	0	0	1	253	487	739	5.79e-128	468	253	2026191	N/A	Bacillus luti strain SS-13-3-49 16S ribosomal RNA gene, partial sequence
ASV_448	gi|3056512462|gb|PX261272.1|	100.000	253	0	0	1	253	474	726	5.79e-128	468	253	1428	N/A	Bacillus thuringiensis strain YN5 16S ribosomal RNA gene, partial sequence
ASV_448	gi|3055981904|gb|PX258216.1|	100.000	253	0	0	1	253	468	720	5.79e-128	468	253	1409	N/A	Bacillus sp. (in: firmicutes) strain 134C 16S ribosomal RNA gene, partial sequence
ASV_448	gi|3055979551|gb|PX257961.1|	100.000	253	0	0	1	253	464	716	5.79e-128	468	253	1396	N/A	Bacillus cereus strain S33 16S ribosomal RNA gene, partial sequence
ASV_448	gi|3055968950|gb|PX257864.1|	100.000	253	0	0	1	253	515	767	5.79e-128	468	253	1428	N/A	Bacillus thuringiensis strain BOTRUEML159 16S ribosomal RNA gene, partial sequence
ASV_456	gi|2843846742|gb|PQ552406.1|	99.605	253	1	0	2	254	2	254	2.71e-126	462	254	1869227	N/A	Bacterium strain OTU_1822 16S ribosomal RNA gene, partial sequence
ASV_456	gi|2155011100|gb|OL629123.1|	99.123	228	2	0	1	228	307	534	9.94e-111	411	254	2789776	N/A	Actinomarinicola tropica strain BD15-2 16S ribosomal RNA gene, partial sequence
ASV_482	gi|2946244245|gb|PV399655.1|	99.203	251	2	0	1	251	176	426	1.62e-123	453	253	77133;1869227	N/A	Uncultured bacterium clone ASV_126_(0.2151%) 16S ribosomal RNA gene, partial sequence
ASV_482	gi|2946244328|gb|PV399738.1|	99.203	251	2	0	1	251	176	426	1.62e-123	453	253	77133;1869227	N/A	Uncultured bacterium clone ASV_251_(0.112%) 16S ribosomal RNA gene, partial sequence
ASV_482	gi|2946244251|gb|PV399661.1|	99.203	251	2	0	1	251	176	426	1.62e-123	453	253	77133;1869227	N/A	Uncultured bacterium clone ASV_181_(0.1581%) 16S ribosomal RNA gene, partial sequence
ASV_494	gi|3027626449|gb|PV952708.1|	100.000	253	0	0	1	253	395	647	5.79e-128	468	253	384	N/A	Rhizobium leguminosarum strain TNJI 16S ribosomal RNA gene, partial sequence
ASV_494	gi|3006035059|gb|CP101418.1|	100.000	253	0	0	1	253	3211771	3211519	5.79e-128	468	253	1138190	N/A	Rhizobium binae strain YTUBH007 chromosome, complete genome
ASV_494	gi|3006026000|gb|CP101426.1|	100.000	253	0	0	1	253	3482483	3482231	5.79e-128	468	253	2962678	N/A	Rhizobium sp. YTUHZ044 chromosome, complete genome
ASV_494	gi|3006019729|gb|CP101432.1|	100.000	253	0	0	1	253	3306672	3306420	5.79e-128	468	253	2962888	N/A	Rhizobium sp. YTUHZ045 chromosome, complete genome
ASV_494	gi|3002443012|gb|PV802900.1|	100.000	253	0	0	1	253	418	670	5.79e-128	468	253	411945	N/A	Rhizobium miluonense strain J1 16S ribosomal RNA gene, partial sequence
ASV_494	gi|3002443011|gb|PV802899.1|	100.000	253	0	0	1	253	419	671	5.79e-128	468	253	29449	N/A	Rhizobium etli strain I1 16S ribosomal RNA gene, partial sequence
ASV_494	gi|2995290990|gb|PV775632.1|	100.000	253	0	0	1	253	436	688	5.79e-128	468	253	411945	N/A	Rhizobium miluonense strain 1136 16S ribosomal RNA gene, partial sequence
ASV_494	gi|2990961754|gb|PV739958.1|	100.000	253	0	0	1	253	437	689	5.79e-128	468	253	398	N/A	Rhizobium tropici strain 47,3 16S ribosomal RNA gene, partial sequence
ASV_494	gi|2989762598|gb|PV731411.1|	100.000	253	0	0	1	253	453	705	5.79e-128	468	253	391	N/A	Rhizobium sp. strain KD5a 16S ribosomal RNA gene, partial sequence
ASV_494	gi|2989762597|gb|PV731409.1|	100.000	253	0	0	1	253	470	722	5.79e-128	468	253	391	N/A	Rhizobium sp. strain KD4a 16S ribosomal RNA gene, partial sequence
ASV_494	gi|2989762596|gb|PV731410.1|	100.000	253	0	0	1	253	460	712	5.79e-128	468	253	391	N/A	Rhizobium sp. strain KD3 16S ribosomal RNA gene, partial sequence
ASV_494	gi|2989762593|gb|PV731407.1|	100.000	253	0	0	1	253	457	709	5.79e-128	468	253	391	N/A	Rhizobium sp. strain KD1 16S ribosomal RNA gene, partial sequence
ASV_494	gi|2989762592|gb|PV731406.1|	100.000	253	0	0	1	253	455	707	5.79e-128	468	253	391	N/A	Rhizobium sp. strain KD2a 16S ribosomal RNA gene, partial sequence
ASV_494	gi|2989762589|gb|PV731404.1|	100.000	253	0	0	1	253	461	713	5.79e-128	468	253	391	N/A	Rhizobium sp. strain 449n 16S ribosomal RNA gene, partial sequence
ASV_494	gi|2989762588|gb|PV731403.1|	100.000	253	0	0	1	253	474	726	5.79e-128	468	253	391	N/A	Rhizobium sp. strain 407b 16S ribosomal RNA gene, partial sequence
ASV_494	gi|2962448472|gb|PV574424.1|	100.000	253	0	0	1	253	385	637	5.79e-128	468	253	384	N/A	Rhizobium leguminosarum strain UMER8 16S ribosomal RNA gene, partial sequence
ASV_494	gi|2962410856|gb|PV574229.1|	100.000	253	0	0	1	253	471	723	5.79e-128	468	253	396	N/A	Rhizobium phaseoli strain ATCC 14482 16S ribosomal RNA gene, partial sequence
ASV_494	gi|2916694324|gb|PV169204.1|	100.000	253	0	0	1	253	430	682	5.79e-128	468	253	391	N/A	Rhizobium sp. strain Ch7/3-3 16S ribosomal RNA gene, partial sequence
ASV_494	gi|2916694183|gb|PV169193.1|	100.000	253	0	0	1	253	422	674	5.79e-128	468	253	391	N/A	Rhizobium sp. strain Ch13/3-1 16S ribosomal RNA gene, partial sequence
ASV_494	gi|2916694179|gb|PV169189.1|	100.000	253	0	0	1	253	430	682	5.79e-128	468	253	391	N/A	Rhizobium sp. strain Ch7/4-8 16S ribosomal RNA gene, partial sequence
ASV_494	gi|2916694174|gb|PV169184.1|	100.000	253	0	0	1	253	422	674	5.79e-128	468	253	391	N/A	Rhizobium sp. strain Ch7/3-2 16S ribosomal RNA gene, partial sequence
ASV_494	gi|2916694172|gb|PV169182.1|	100.000	253	0	0	1	253	422	674	5.79e-128	468	253	3019934	N/A	Rhizobium beringeri strain Ch7/2-4 16S ribosomal RNA gene, partial sequence
ASV_494	gi|2916694171|gb|PV169181.1|	100.000	253	0	0	1	253	430	682	5.79e-128	468	253	3019934	N/A	Rhizobium beringeri strain Ch7/2-2 16S ribosomal RNA gene, partial sequence
ASV_494	gi|2916684765|gb|PV168529.1|	100.000	253	0	0	1	253	336	588	5.79e-128	468	253	359	N/A	Rhizobium rhizogenes strain YKB15607 16S ribosomal RNA gene, partial sequence
ASV_494	gi|2916254841|gb|PV162762.1|	100.000	253	0	0	1	253	413	665	5.79e-128	468	253	411945	N/A	Rhizobium miluonense strain YRFlrC0 16S ribosomal RNA gene, partial sequence
ASV_507	gi|3033736843|gb|PX048855.1|	100.000	253	0	0	1	253	495	747	5.79e-128	468	253	1883105	N/A	Nonomuraea sp. strain ZG12 16S ribosomal RNA gene, partial sequence
ASV_507	gi|3033736811|gb|PX048847.1|	100.000	253	0	0	1	253	496	748	5.79e-128	468	253	1883105	N/A	Nonomuraea sp. strain CX42 16S ribosomal RNA gene, partial sequence
ASV_507	gi|3003480208|gb|PV810320.1|	100.000	253	0	0	1	253	476	728	5.79e-128	468	253	882448	N/A	Nonomuraea jabiensis strain GD112 16S ribosomal RNA gene, partial sequence
ASV_507	gi|3002197288|gb|CP191923.1|	100.000	253	0	0	1	253	2233138	2233390	5.79e-128	468	253	1955412	N/A	[Actinomadura] parvosata strain CA-116504 chromosome, complete genome
ASV_507	gi|3001852501|gb|CP191885.1|	100.000	253	0	0	1	253	986236	986488	5.79e-128	468	253	3239999	N/A	Nonomuraea sp. CA-243196 chromosome, complete genome
ASV_507	gi|3001806825|gb|CP191880.1|	100.000	253	0	0	1	253	688038	688290	5.79e-128	468	253	404385	N/A	Nonomuraea bangladeshensis strain CA-248923 chromosome, complete genome
ASV_507	gi|2999618022|gb|CP191982.1|	100.000	253	0	0	1	253	2433107	2433359	5.79e-128	468	253	3239996	N/A	Nonomuraea sp. CA-141351 chromosome, complete genome
ASV_507	gi|2999427774|gb|CP192072.1|	100.000	253	0	0	1	253	977610	977862	5.79e-128	468	253	3239997	N/A	Nonomuraea sp. CA-143628 chromosome, complete genome
ASV_507	gi|2991979376|gb|PP331372.2|	100.000	253	0	0	1	253	465	717	5.79e-128	468	253	1883105	N/A	Nonomuraea sp. strain H1R4 16S ribosomal RNA gene, partial sequence
ASV_507	gi|2950583220|gb|PV449791.1|	100.000	253	0	0	1	253	255	507	5.79e-128	468	253	404386	N/A	Nonomuraea coxensis strain CUMB KK-15 16S ribosomal RNA gene, partial sequence
ASV_507	gi|2938385877|gb|PV364251.1|	100.000	253	0	0	1	253	446	698	5.79e-128	468	253	1883105	N/A	Nonomuraea sp. strain AJR19 16S ribosomal RNA gene, partial sequence
ASV_507	gi|2917938601|gb|PV185804.1|	100.000	253	0	0	1	253	495	747	5.79e-128	468	253	2878562	N/A	Nonomuraea aurantiaca strain 631 16S ribosomal RNA gene, partial sequence
ASV_507	gi|2905364885|gb|PV083064.1|	100.000	253	0	0	1	253	411	663	5.79e-128	468	253	404385	N/A	Nonomuraea bangladeshensis strain H-810 16S ribosomal RNA gene, partial sequence
ASV_507	gi|2894318570|gb|PV018099.1|	100.000	253	0	0	1	253	455	707	5.79e-128	468	253	1883105	N/A	Nonomuraea sp. strain CBXM-02 16S ribosomal RNA gene, partial sequence
ASV_507	gi|2894318568|gb|PV018097.1|	100.000	253	0	0	1	253	459	711	5.79e-128	468	253	1883105	N/A	Nonomuraea sp. strain CBXG-02 16S ribosomal RNA gene, partial sequence
ASV_507	gi|2873563355|gb|PQ808874.1|	100.000	253	0	0	1	253	440	692	5.79e-128	468	253	1883105	N/A	Nonomuraea sp. strain Z2R54 16S ribosomal RNA gene, partial sequence
ASV_507	gi|2873563265|gb|PQ808135.1|	100.000	253	0	0	1	253	441	693	5.79e-128	468	253	1883105	N/A	Nonomuraea sp. strain H2R15 16S ribosomal RNA gene, partial sequence
ASV_507	gi|2859221025|gb|PQ626058.1|	100.000	253	0	0	1	253	476	728	5.79e-128	468	253	1883105	N/A	Nonomuraea sp. strain MMS24-T82 16S ribosomal RNA gene, partial sequence
ASV_507	gi|2814154904|gb|CP170570.1|	100.000	253	0	0	1	253	4632	4380	5.79e-128	468	253	46173	N/A	Nonomuraea fastidiosa strain KACC 16795 chromosome, complete genome
ASV_507	gi|2806496490|gb|PQ349446.1|	100.000	253	0	0	1	253	473	725	5.79e-128	468	253	1883105	N/A	Nonomuraea sp. strain RVG1 16S ribosomal RNA gene, partial sequence
ASV_507	gi|2778124853|gb|PQ084652.1|	100.000	253	0	0	1	253	473	725	5.79e-128	468	253	281186	N/A	Nonomuraea kuesteri strain 24GG04S-56 16S ribosomal RNA gene, partial sequence
ASV_507	gi|2736410461|gb|PP837893.1|	100.000	253	0	0	1	253	498	750	5.79e-128	468	253	1883105	N/A	Nonomuraea sp. strain PL10 16S ribosomal RNA gene, partial sequence
ASV_507	gi|2736090142|gb|PP837292.1|	100.000	253	0	0	1	253	467	719	5.79e-128	468	253	2878562	N/A	Nonomuraea aurantiaca strain QTP242240 16S ribosomal RNA gene, partial sequence
ASV_507	gi|2736090023|gb|PP837173.1|	100.000	253	0	0	1	253	467	719	5.79e-128	468	253	2047744	N/A	Nonomuraea glycinis strain QTP242137 16S ribosomal RNA gene, partial sequence
ASV_507	gi|2727267099|gb|PP758783.1|	100.000	253	0	0	1	253	489	741	5.79e-128	468	253	1883105	N/A	Nonomuraea sp. strain 9N605 16S ribosomal RNA gene, partial sequence
ASV_528	gi|343206016|ref|NR_044568.1|	99.606	254	0	1	1	253	476	729	2.69e-126	462	253	543615	N/A	Solitalea koreensis strain R2A36-4 16S ribosomal RNA, partial sequence
ASV_528	gi|1782942820|dbj|AB836156.1|	99.200	250	2	0	1	250	136	385	5.83e-123	451	253	1364743	N/A	Solitalea sp. So2Pw_1287 gene for 16S rRNA, partial sequence
ASV_545	gi|3063045765|gb|PX396492.1|	100.000	253	0	0	1	253	425	677	5.79e-128	468	253	1930	N/A	Streptomyces scabiei strain CS14 16S ribosomal RNA gene, partial sequence
ASV_545	gi|3061084461|gb|PX362440.1|	100.000	253	0	0	1	253	440	692	5.79e-128	468	253	945052	N/A	Streptomyces heilongjiangensis strain 82402 16S ribosomal RNA gene, partial sequence
ASV_545	gi|3060300627|gb|PX352514.1|	100.000	253	0	0	1	253	472	724	5.79e-128	468	253	249581	N/A	Streptomyces ossamyceticus strain 6214 16S ribosomal RNA gene, partial sequence
ASV_545	gi|3058565042|gb|PX318291.1|	100.000	253	0	0	1	253	454	706	5.79e-128	468	253	1931	N/A	Streptomyces sp. strain Pd 39-32 16S ribosomal RNA gene, partial sequence
ASV_545	gi|3058564429|gb|PX317982.1|	100.000	253	0	0	1	253	421	673	5.79e-128	468	253	1931	N/A	Streptomyces sp. strain Ya 6-29 16S ribosomal RNA gene, partial sequence
ASV_545	gi|3058564425|gb|PX317980.1|	100.000	253	0	0	1	253	410	662	5.79e-128	468	253	1931	N/A	Streptomyces sp. strain Ya 6-20 16S ribosomal RNA gene, partial sequence
ASV_545	gi|3057490649|gb|PX285234.1|	100.000	253	0	0	1	253	247	499	5.79e-128	468	253	1930	N/A	Streptomyces scabiei strain SS1TI 16S ribosomal RNA gene, partial sequence
ASV_545	gi|3057024214|gb|PX279065.1|	100.000	253	0	0	1	253	437	689	5.79e-128	468	253	1931	N/A	Streptomyces sp. strain P3A3-03 16S ribosomal RNA gene, partial sequence
ASV_545	gi|3044538328|gb|PX128992.1|	100.000	253	0	0	1	253	426	678	5.79e-128	468	253	1930	N/A	Streptomyces scabiei strain HLT1-9 16S ribosomal RNA gene, partial sequence
ASV_545	gi|3044538323|gb|PX128987.1|	100.000	253	0	0	1	253	420	672	5.79e-128	468	253	2993540	N/A	Streptomyces griseiscabiei strain NXT2-0 16S ribosomal RNA gene, partial sequence
ASV_545	gi|3044538322|gb|PX128986.1|	100.000	253	0	0	1	253	418	670	5.79e-128	468	253	146819	N/A	Streptomyces europaeiscabiei strain SDT3-2 16S ribosomal RNA gene, partial sequence
ASV_545	gi|3044538321|gb|PX128985.1|	100.000	253	0	0	1	253	415	667	5.79e-128	468	253	2993540	N/A	Streptomyces griseiscabiei strain NMT8-1 16S ribosomal RNA gene, partial sequence
ASV_545	gi|3044538314|gb|PX128978.1|	100.000	253	0	0	1	253	349	601	5.79e-128	468	253	1930	N/A	Streptomyces scabiei strain HLS1-8 16S ribosomal RNA gene, partial sequence
ASV_545	gi|3044538310|gb|PX128974.1|	100.000	253	0	0	1	253	422	674	5.79e-128	468	253	2993540	N/A	Streptomyces griseiscabiei strain ZJS1-1 16S ribosomal RNA gene, partial sequence
ASV_545	gi|3044538286|gb|PX128950.1|	100.000	253	0	0	1	253	415	667	5.79e-128	468	253	1550619	N/A	Streptomyces polymachus strain BJT3-1 16S ribosomal RNA gene, partial sequence
ASV_545	gi|3044538285|gb|PX128949.1|	100.000	253	0	0	1	253	422	674	5.79e-128	468	253	1550619	N/A	Streptomyces polymachus strain HBT7-0 16S ribosomal RNA gene, partial sequence
ASV_545	gi|3044538284|gb|PX128948.1|	100.000	253	0	0	1	253	421	673	5.79e-128	468	253	1550619	N/A	Streptomyces polymachus strain GSS1-0 16S ribosomal RNA gene, partial sequence
ASV_545	gi|3044538239|gb|PX128903.1|	100.000	253	0	0	1	253	480	732	5.79e-128	468	253	1930	N/A	Streptomyces scabiei strain GSS13 16S ribosomal RNA gene, partial sequence
ASV_545	gi|3040581934|gb|PX112817.1|	100.000	253	0	0	1	253	452	704	5.79e-128	468	253	1931	N/A	Streptomyces sp. strain KVD25 16S ribosomal RNA gene, partial sequence
ASV_545	gi|3040294358|gb|PX111558.1|	100.000	253	0	0	1	253	450	702	5.79e-128	468	253	424188	N/A	Streptomyces deccanensis strain B109 16S ribosomal RNA gene, partial sequence
ASV_545	gi|3039838654|gb|PX107866.1|	100.000	253	0	0	1	253	193	445	5.79e-128	468	253	1930	N/A	Streptomyces scabiei strain CS17 16S ribosomal RNA gene, partial sequence
ASV_545	gi|3035698748|gb|PX062344.1|	100.000	253	0	0	1	253	157	409	5.79e-128	468	253	1931	N/A	Streptomyces sp. strain Z27 16S ribosomal RNA gene, partial sequence
ASV_545	gi|3033736819|gb|PX048849.1|	100.000	253	0	0	1	253	500	752	5.79e-128	468	253	1931	N/A	Streptomyces sp. strain SD32 16S ribosomal RNA gene, partial sequence
ASV_545	gi|3012355538|gb|PV871389.1|	100.000	253	0	0	1	253	461	713	5.79e-128	468	253	1930	N/A	Streptomyces scabiei strain SH1 16S ribosomal RNA gene, partial sequence
ASV_545	gi|2993396842|gb|PV764426.1|	100.000	253	0	0	1	253	501	753	5.79e-128	468	253	1930	N/A	Streptomyces scabiei strain A4 16S ribosomal RNA gene, partial sequence
ASV_573	gi|1820083079|gb|MT163375.1|	100.000	253	0	0	1	253	508	760	5.79e-128	468	253	502333	N/A	Ramlibacter ginsenosidimutans strain DST20 16S ribosomal RNA gene, partial sequence
ASV_573	gi|1750411832|gb|MN498046.1|	100.000	253	0	0	1	253	507	759	5.79e-128	468	253	2079448	N/A	Ramlibacter albus strain GTP1 16S ribosomal RNA gene, partial sequence
ASV_573	gi|1205917621|gb|KY649387.1|	100.000	253	0	0	1	253	438	690	5.79e-128	468	253	502333	N/A	Ramlibacter ginsenosidimutans strain HC-1 16S ribosomal RNA gene, partial sequence
ASV_573	gi|1150392561|gb|KY176923.1|	100.000	253	0	0	1	253	512	764	5.79e-128	468	253	1917967	N/A	Ramlibacter sp. strain S27 16S ribosomal RNA gene, partial sequence
ASV_573	gi|1150392531|gb|KY121995.1|	100.000	253	0	0	1	253	520	772	5.79e-128	468	253	1917967	N/A	Ramlibacter sp. strain B325 16S ribosomal RNA gene, partial sequence
ASV_573	gi|1491514511|ref|NR_159166.1|	100.000	253	0	0	1	253	510	762	5.79e-128	468	253	1926872	N/A	Ramlibacter monticola strain G-3-2 16S ribosomal RNA, partial sequence
ASV_573	gi|2574656224|gb|OR527125.1|	100.000	253	0	0	1	253	502	754	5.79e-128	468	253	1917967	N/A	Ramlibacter sp. strain AN1133 16S ribosomal RNA gene, partial sequence
ASV_573	gi|984880169|emb|LN876299.1|	100.000	253	0	0	1	253	475	727	5.79e-128	468	253	1702928	N/A	Comamonadaceae bacterium URHA0027 partial 16S rRNA gene, strain URHA0027
ASV_573	gi|542215116|gb|KF441662.1|	100.000	253	0	0	1	253	522	774	5.79e-128	468	253	1391345	N/A	Ramlibacter sp. 7B-217 16S ribosomal RNA gene, partial sequence
ASV_573	gi|509724097|gb|JX458425.1|	100.000	253	0	0	1	253	519	771	5.79e-128	468	253	1341528	N/A	Ramlibacter sp. W1.09-2 16S ribosomal RNA gene, complete sequence
ASV_573	gi|1880164012|gb|MT804117.1|	100.000	253	0	0	1	253	490	742	5.79e-128	468	253	1926872	N/A	Ramlibacter monticola strain PL_2 16S ribosomal RNA gene, partial sequence
ASV_573	gi|1880163788|gb|MT803893.1|	100.000	253	0	0	1	253	487	739	5.79e-128	468	253	1917967	N/A	Ramlibacter sp. strain IC3_172 16S ribosomal RNA gene, partial sequence
ASV_573	gi|1880163783|gb|MT803888.1|	100.000	253	0	0	1	253	496	748	5.79e-128	468	253	1917967	N/A	Ramlibacter sp. strain IC3_167 16S ribosomal RNA gene, partial sequence
ASV_573	gi|959494981|ref|NR_133836.1|	100.000	253	0	0	1	253	508	760	5.79e-128	468	253	502333	N/A	Ramlibacter ginsenosidimutans strain BXN5-27 16S ribosomal RNA, partial sequence
ASV_573	gi|2221405394|ref|NR_175506.1|	99.605	253	1	0	1	253	507	759	2.69e-126	462	253	2795217	N/A	Ramlibacter algicola strain CrO1 16S ribosomal RNA, partial sequence
ASV_573	gi|1769125577|gb|MN603953.1|	99.605	253	1	0	1	253	506	758	2.69e-126	462	253	2764187	N/A	Ramlibacter cellulosilyticus strain USB13 16S ribosomal RNA gene, partial sequence
ASV_573	gi|1750411835|gb|MN498047.1|	99.605	253	1	0	1	253	507	759	2.69e-126	462	253	2780087	N/A	Ramlibacter pallidus strain HM2 16S ribosomal RNA gene, partial sequence
ASV_573	gi|2973428402|gb|CP190017.1|	99.605	253	1	0	1	253	1273407	1273659	2.69e-126	462	253	3416606	N/A	Ramlibacter sp. MMS24-I3-19 chromosome, complete genome
ASV_573	gi|2862557441|gb|PQ651693.1|	99.605	253	1	0	1	253	505	757	2.69e-126	462	253	1917967	N/A	Ramlibacter sp. strain MMS24-I3-19 16S ribosomal RNA gene, partial sequence
ASV_573	gi|2798604878|gb|PQ285327.1|	99.605	253	1	0	1	253	454	706	2.69e-126	462	253	502333	N/A	Ramlibacter ginsenosidimutans strain BP1 16S ribosomal RNA gene, partial sequence
ASV_573	gi|2648012426|gb|PP125420.1|	99.605	253	1	0	1	253	472	724	2.69e-126	462	253	1917967	N/A	Ramlibacter sp. strain H4-D03 16S ribosomal RNA gene, partial sequence
ASV_573	gi|2060186686|gb|MZ471105.1|	99.605	253	1	0	1	253	479	731	2.69e-126	462	253	1917967	N/A	Ramlibacter sp. strain 2245 16S ribosomal RNA gene, partial sequence
ASV_573	gi|2449670091|gb|OQ519922.1|	99.605	253	1	0	1	253	506	758	2.69e-126	462	253	1917967	N/A	Ramlibacter sp. strain CW51 16S ribosomal RNA gene, partial sequence
ASV_573	gi|2202206194|gb|OM884719.1|	99.605	253	1	0	1	253	479	731	2.69e-126	462	253	1917967	N/A	Ramlibacter sp. strain 383 16S ribosomal RNA gene, partial sequence
ASV_573	gi|2091885797|gb|OK083669.1|	99.605	253	1	0	1	253	506	758	2.69e-126	462	253	1917967	N/A	Ramlibacter sp. strain SIH2 16S ribosomal RNA gene, partial sequence
ASV_668	gi|537366550|gb|KF312397.1|	100.000	253	0	0	1	253	504	756	5.79e-128	468	253	1386120	N/A	Pedobacter sp. FGR-05 16S ribosomal RNA gene, partial sequence
ASV_668	gi|1772506222|gb|MN640802.1|	100.000	253	0	0	1	253	503	755	5.79e-128	468	253	1411316	N/A	Pedobacter sp. strain R14 16S ribosomal RNA gene, partial sequence
ASV_668	gi|2523173807|gb|OR167733.1|	99.605	253	1	0	1	253	470	722	2.69e-126	462	253	1411316	N/A	Pedobacter sp. strain C50-17 16S ribosomal RNA gene, partial sequence
ASV_668	gi|2523173806|gb|OR167732.1|	99.605	253	1	0	1	253	465	717	2.69e-126	462	253	1411316	N/A	Pedobacter sp. strain C50-16 16S ribosomal RNA gene, partial sequence
ASV_668	gi|2523173778|gb|OR167704.1|	99.605	253	1	0	1	253	469	721	2.69e-126	462	253	1411316	N/A	Pedobacter sp. strain BGS3005 16S ribosomal RNA gene, partial sequence
ASV_668	gi|119394212|gb|EF103211.1|	99.605	253	1	0	1	253	463	715	2.69e-126	462	253	416244	N/A	Pedobacter sp. MSCB-14 16S ribosomal RNA gene, partial sequence
ASV_668	gi|961555157|ref|NR_134126.1|	99.209	253	2	0	1	253	473	725	1.25e-124	457	253	1303477	N/A	Daejeonella huanghensis strain M1-27 16S ribosomal RNA, partial sequence
ASV_733	gi|3040294286|gb|PX111486.1|	100.000	253	0	0	1	253	328	580	5.79e-128	468	253	1867719	N/A	Phyllobacterium zundukense strain B36 16S ribosomal RNA gene, partial sequence
ASV_733	gi|3040294285|gb|PX111485.1|	100.000	253	0	0	1	253	414	666	5.79e-128	468	253	1334106	N/A	Phyllobacterium loti strain B35 16S ribosomal RNA gene, partial sequence
ASV_733	gi|3033062148|gb|PX022925.1|	100.000	253	0	0	1	253	158	410	5.79e-128	468	253	1149773	N/A	Phyllobacterium endophyticum strain A23 16S ribosomal RNA gene, partial sequence
ASV_733	gi|3033062147|gb|PX022924.1|	100.000	253	0	0	1	253	157	409	5.79e-128	468	253	1334106	N/A	Phyllobacterium loti strain A22 16S ribosomal RNA gene, partial sequence
ASV_733	gi|3033664193|gb|PX048586.1|	100.000	253	0	0	1	253	472	724	5.79e-128	468	253	1871046	N/A	Phyllobacterium sp. strain 22229 16S ribosomal RNA gene, partial sequence
ASV_733	gi|3012973035|gb|PV874889.1|	100.000	253	0	0	1	253	90	342	5.79e-128	468	253	1871046	N/A	Phyllobacterium sp. strain Bernburg_DiControl_Isolate_115-7 16S ribosomal RNA gene, partial sequence
ASV_733	gi|2737474130|gb|PP851106.1|	100.000	253	0	0	1	253	404	656	5.79e-128	468	253	1871046	N/A	Phyllobacterium sp. strain B68 16S ribosomal RNA gene, partial sequence
ASV_733	gi|2990622477|gb|PV739375.1|	100.000	253	0	0	1	253	426	678	5.79e-128	468	253	28101	N/A	Phyllobacterium myrsinacearum strain H22FB22AGC52 16S ribosomal RNA gene, partial sequence
ASV_733	gi|2973170015|gb|PV627588.1|	100.000	253	0	0	1	253	418	670	5.79e-128	468	253	28101	N/A	Phyllobacterium myrsinacearum strain ERB91 16S ribosomal RNA gene, partial sequence
ASV_733	gi|2959920067|gb|PV547865.1|	100.000	253	0	0	1	253	421	673	5.79e-128	468	253	1871046	N/A	Phyllobacterium sp. strain BGD1 16S ribosomal RNA gene, partial sequence
ASV_733	gi|2955266136|dbj|AP027913.1|	100.000	253	0	0	1	253	459944	460196	5.79e-128	468	253	3026079	N/A	Phyllobacterium sp. T2-21 plasmid pT2-21_3 DNA, complete sequence
ASV_733	gi|2955262462|dbj|AP027912.1|	100.000	253	0	0	1	253	3653591	3653339	5.79e-128	468	253	3026079	N/A	Phyllobacterium sp. T2-21 DNA, complete genome
ASV_733	gi|2886516114|gb|PQ870333.1|	100.000	253	0	0	1	253	420	672	5.79e-128	468	253	1867719	N/A	Phyllobacterium zundukense strain P17/1-7 16S ribosomal RNA gene, partial sequence
ASV_733	gi|2860119427|gb|PQ637125.1|	100.000	253	0	0	1	253	502	754	5.79e-128	468	253	1871046	N/A	Phyllobacterium sp. strain A26 16S ribosomal RNA gene, partial sequence
ASV_733	gi|2858555884|gb|PQ621084.1|	100.000	253	0	0	1	253	421	673	5.79e-128	468	253	1871046	N/A	Phyllobacterium sp. strain ST_3_1 16S ribosomal RNA gene, partial sequence
ASV_733	gi|2710190188|gb|PP583518.1|	100.000	253	0	0	1	253	379	631	5.79e-128	468	253	1871046	N/A	Phyllobacterium sp. strain T28C1 16S ribosomal RNA gene, partial sequence
ASV_733	gi|2710190116|gb|PP583446.1|	100.000	253	0	0	1	253	415	667	5.79e-128	468	253	28101	N/A	Phyllobacterium myrsinacearum strain T19C4 16S ribosomal RNA gene, partial sequence
ASV_733	gi|2811755606|gb|PQ395164.1|	100.000	253	0	0	1	253	394	646	5.79e-128	468	253	1871046	N/A	Phyllobacterium sp. strain S9_C1_19 16S ribosomal RNA gene, partial sequence
ASV_733	gi|2811755602|gb|PQ395160.1|	100.000	253	0	0	1	253	415	667	5.79e-128	468	253	1871046	N/A	Phyllobacterium sp. strain S9_C1_14 16S ribosomal RNA gene, partial sequence
ASV_733	gi|2780207678|gb|PQ106872.1|	100.000	253	0	0	1	253	360	612	5.79e-128	468	253	28101	N/A	Phyllobacterium myrsinacearum strain ME1C035 16S ribosomal RNA gene, partial sequence
ASV_733	gi|2755777163|gb|PP998601.1|	100.000	253	0	0	1	253	428	680	5.79e-128	468	253	300193	N/A	Phyllobacterium trifolii strain K_S_19_6 16S ribosomal RNA gene, partial sequence
ASV_733	gi|2737831382|gb|PP854827.1|	100.000	253	0	0	1	253	392	644	5.79e-128	468	253	28101	N/A	Phyllobacterium myrsinacearum strain MZ12 16S ribosomal RNA gene, partial sequence
ASV_733	gi|2737831378|gb|PP854825.1|	100.000	253	0	0	1	253	365	617	5.79e-128	468	253	28101	N/A	Phyllobacterium myrsinacearum strain MZ10 16S ribosomal RNA gene, partial sequence
ASV_733	gi|2737831363|gb|PP854816.1|	100.000	253	0	0	1	253	422	674	5.79e-128	468	253	28101	N/A	Phyllobacterium myrsinacearum strain MZ1 16S ribosomal RNA gene, partial sequence
ASV_733	gi|2702916308|gb|PP529727.1|	100.000	253	0	0	1	253	370	622	5.79e-128	468	253	1871046	N/A	Phyllobacterium sp. strain LC11 16S ribosomal RNA gene, partial sequence
ASV_759	gi|343200563|ref|NR_041250.1|	100.000	253	0	0	1	253	534	786	5.79e-128	468	253	296052	N/A	Terrimonas lutea strain DY 16S ribosomal RNA, partial sequence
ASV_759	gi|2070664779|gb|MZ600491.1|	99.605	253	1	0	1	253	479	731	2.69e-126	462	253	1914338	N/A	Terrimonas sp. strain BD16OL2_B27 16S ribosomal RNA gene, partial sequence
ASV_759	gi|1893872195|gb|MT900960.1|	99.605	253	1	0	1	253	495	747	2.69e-126	462	253	1914338	N/A	Terrimonas sp. strain 194 16S ribosomal RNA gene, partial sequence
ASV_759	gi|2952554795|gb|PV453494.1|	99.209	253	2	0	1	253	510	762	1.25e-124	457	253	1914338	N/A	Terrimonas sp. strain KR7-129 16S ribosomal RNA gene, partial sequence
ASV_759	gi|1509790148|gb|MH094640.1|	99.209	253	2	0	1	253	503	755	1.25e-124	457	253	1914338	N/A	Terrimonas sp. strain LA-25 16S ribosomal RNA gene, partial sequence
ASV_759	gi|1779814805|ref|NR_164880.1|	99.209	253	2	0	1	253	523	775	1.25e-124	457	253	2662614	N/A	Terrimonas suqianensis strain personal::C3-5 16S ribosomal RNA, partial sequence
ASV_759	gi|2476884431|gb|OQ754569.1|	99.209	253	2	0	1	253	482	734	1.25e-124	457	253	3034147	N/A	Terrimonas sp. strain H1YJ31 16S ribosomal RNA gene, partial sequence
ASV_759	gi|1384992320|ref|NR_156069.1|	99.209	253	2	0	1	253	481	733	1.25e-124	457	253	624405	N/A	Terrimonas rhizosphaerae strain CR94 16S ribosomal RNA, partial sequence
ASV_759	gi|1893872196|gb|MT900961.1|	99.209	253	2	0	1	253	496	748	1.25e-124	457	253	1914338	N/A	Terrimonas sp. strain 12 16S ribosomal RNA gene, partial sequence
ASV_781	gi|2363087033|ref|NR_181773.1|	100.000	253	0	0	1	253	492	744	5.79e-128	468	253	2843197	N/A	Geomonas diazotrophica strain Red69 16S ribosomal RNA, partial sequence
ASV_781	gi|2363087031|ref|NR_181772.1|	100.000	253	0	0	1	253	492	744	5.79e-128	468	253	2843196	N/A	Geomonas azotofigens strain Red51 16S ribosomal RNA, partial sequence
ASV_781	gi|2363086967|ref|NR_181740.1|	100.000	253	0	0	1	253	486	738	5.79e-128	468	253	2873702	N/A	Geomonas agri strain RG53 16S ribosomal RNA, partial sequence
ASV_781	gi|2363086963|ref|NR_181738.1|	100.000	253	0	0	1	253	483	735	5.79e-128	468	253	2847989	N/A	Geomonas subterranea strain RG2 16S ribosomal RNA, partial sequence
ASV_781	gi|2363082182|ref|NR_179338.1|	100.000	253	0	0	1	253	493	745	5.79e-128	468	253	2740185	N/A	Geomonas paludis strain Red736 16S ribosomal RNA, partial sequence
ASV_781	gi|2363082141|ref|NR_179317.1|	100.000	253	0	0	1	253	492	744	5.79e-128	468	253	2740186	N/A	Geomonas limicola strain Red745 16S ribosomal RNA, partial sequence
ASV_781	gi|2363082139|ref|NR_179316.1|	100.000	253	0	0	1	253	492	744	5.79e-128	468	253	2740184	N/A	Geomonas silvestris strain Red330 16S ribosomal RNA, partial sequence
ASV_781	gi|2233265061|gb|CP096574.1|	100.000	253	0	0	1	253	881978	882230	5.79e-128	468	253	2740185	N/A	Geomonas paludis strain RG22 chromosome, complete genome
ASV_781	gi|2052292936|gb|MZ377297.1|	100.000	253	0	0	1	253	492	744	5.79e-128	468	253	2843197	N/A	Geomonas diazotrophica strain Red69 16S ribosomal RNA gene, partial sequence
ASV_781	gi|2052292932|gb|MZ377295.1|	100.000	253	0	0	1	253	492	744	5.79e-128	468	253	2843196	N/A	Geomonas azotofigens strain Red51 16S ribosomal RNA gene, partial sequence
ASV_781	gi|2043685993|gb|MZ266328.1|	100.000	253	0	0	1	253	498	750	5.79e-128	468	253	2847989	N/A	Geomonas subterranea strain RG3 16S ribosomal RNA gene, partial sequence
ASV_781	gi|2043335299|gb|MZ254887.1|	100.000	253	0	0	1	253	486	738	5.79e-128	468	253	2651584	N/A	Geomonas sp. strain RG14 16S ribosomal RNA gene, partial sequence
ASV_781	gi|2363086987|ref|NR_181750.1|	100.000	253	0	0	1	253	477	729	5.79e-128	468	253	2847989	N/A	Geomonas fuzhouensis strain RG17 16S ribosomal RNA, partial sequence
ASV_781	gi|2043335297|gb|MZ254885.1|	100.000	253	0	0	1	253	465	717	5.79e-128	468	253	2651584	N/A	Geomonas sp. strain RG18 16S ribosomal RNA gene, partial sequence
ASV_781	gi|2043335296|gb|MZ254884.1|	100.000	253	0	0	1	253	458	710	5.79e-128	468	253	2651584	N/A	Geomonas sp. strain RG27 16S ribosomal RNA gene, partial sequence
ASV_781	gi|2043335295|gb|MZ254883.1|	100.000	253	0	0	1	253	448	700	5.79e-128	468	253	2651584	N/A	Geomonas sp. strain RG50 16S ribosomal RNA gene, partial sequence
ASV_781	gi|2043335294|gb|MZ254882.1|	100.000	253	0	0	1	253	458	710	5.79e-128	468	253	2651584	N/A	Geomonas sp. strain RG81 16S ribosomal RNA gene, partial sequence
ASV_781	gi|2043335293|gb|MZ254881.1|	100.000	253	0	0	1	253	464	716	5.79e-128	468	253	2651584	N/A	Geomonas sp. strain RG74 16S ribosomal RNA gene, partial sequence
ASV_781	gi|2033774449|gb|MZ148520.1|	100.000	253	0	0	1	253	468	720	5.79e-128	468	253	2651584	N/A	Geomonas sp. strain RG54 16S ribosomal RNA gene, partial sequence
ASV_781	gi|2033774448|gb|MZ148519.1|	100.000	253	0	0	1	253	468	720	5.79e-128	468	253	2651584	N/A	Geomonas sp. strain RG58 16S ribosomal RNA gene, partial sequence
ASV_781	gi|2033774447|gb|MZ148518.1|	100.000	253	0	0	1	253	465	717	5.79e-128	468	253	2651584	N/A	Geomonas sp. strain RG57 16S ribosomal RNA gene, partial sequence
ASV_781	gi|2033774446|gb|MZ148517.1|	100.000	253	0	0	1	253	466	718	5.79e-128	468	253	2651584	N/A	Geomonas sp. strain RG56 16S ribosomal RNA gene, partial sequence
ASV_781	gi|2033774445|gb|MZ148516.1|	100.000	253	0	0	1	253	485	737	5.79e-128	468	253	2651584	N/A	Geomonas sp. strain RG46 16S ribosomal RNA gene, partial sequence
ASV_781	gi|2033774444|gb|MZ148515.1|	100.000	253	0	0	1	253	461	713	5.79e-128	468	253	2651584	N/A	Geomonas sp. strain RG43 16S ribosomal RNA gene, partial sequence
ASV_781	gi|2033774443|gb|MZ148514.1|	99.209	253	2	0	1	253	483	735	9.68e-126	460	253	2651584	N/A	Geomonas sp. strain RG41 16S ribosomal RNA gene, partial sequence
ASV_786	gi|24637793|gb|AF530989.1|	99.209	253	2	0	1	253	132	384	1.25e-124	457	253	210459	N/A	Bacteroidetes bacterium wo31 16S ribosomal RNA gene, partial sequence
ASV_788	gi|2946244338|gb|PV399748.1|	99.602	251	1	0	1	251	152	402	3.48e-125	459	253	77133;1869227	N/A	Uncultured bacterium clone ASV_297_(0.2833%) 16S ribosomal RNA gene, partial sequence
ASV_971	gi|3060999013|gb|PX360613.1|	100.000	253	0	0	1	253	462	714	5.79e-128	468	253	1869227	N/A	Bacterium strain 4e54df3e3a8d75cf53fad081d3c5a2a182af824e 16S ribosomal RNA gene, partial sequence
ASV_971	gi|1782941680|dbj|AB835018.1|	100.000	253	0	0	1	253	141	393	5.79e-128	468	253	1363351	N/A	Oxalobacteraceae bacterium Se3Ps_2513 gene for 16S rRNA, partial sequence
ASV_971	gi|1605110056|emb|LR536351.1|	100.000	253	0	0	1	253	468	720	5.79e-128	468	253	2546414	N/A	Herbaspirillum sp. 7G-B2-75 partial 16S rRNA gene, isolate 7G-B2-75
ASV_971	gi|1569259509|gb|MH259951.1|	100.000	253	0	0	1	253	471	723	5.79e-128	468	253	573739	N/A	Oxalicibacterium horti strain SYR33 16S ribosomal RNA gene, partial sequence
ASV_971	gi|2578831919|gb|OR564061.1|	100.000	253	0	0	1	253	501	753	5.79e-128	468	253	1125875	N/A	Noviherbaspirillum psychrotolerans strain H165 16S ribosomal RNA gene, partial sequence
ASV_971	gi|2428167316|gb|OQ255154.1|	100.000	253	0	0	1	253	489	741	5.79e-128	468	253	1125875	N/A	Noviherbaspirillum psychrotolerans strain S5-10 16S ribosomal RNA gene, partial sequence
ASV_971	gi|2428167200|gb|OQ255038.1|	100.000	253	0	0	1	253	488	740	5.79e-128	468	253	1125875	N/A	Noviherbaspirillum psychrotolerans strain S3-65 16S ribosomal RNA gene, partial sequence
ASV_971	gi|543890067|gb|KF641671.1|	100.000	253	0	0	1	253	482	734	5.79e-128	468	253	1398539	N/A	Beta proteobacterium F3H1_a3 16S ribosomal RNA gene, partial sequence
ASV_971	gi|525470563|gb|KF314195.1|	100.000	253	0	0	1	253	495	747	5.79e-128	468	253	1357494	N/A	Herbaspirillum sp. THG-e31 16S ribosomal RNA gene, partial sequence
ASV_971	gi|397777528|gb|JX304647.1|	100.000	253	0	0	1	253	472	724	5.79e-128	468	253	1209314;1209315	N/A	Herbaspirillum sp. JJ2101 16S ribosomal RNA gene, partial sequence
ASV_971	gi|387175411|gb|JQ229602.1|	100.000	253	0	0	1	253	471	723	5.79e-128	468	253	1186024	N/A	Herminiimonas sp. ALI-INI11 16S ribosomal RNA gene, partial sequence
ASV_971	gi|631252977|ref|NR_114175.1|	100.000	253	0	0	1	253	503	755	5.79e-128	468	253	69280	N/A	Oxalicibacterium solurbis strain NBRC 102665 16S ribosomal RNA, partial sequence
ASV_971	gi|631252422|ref|NR_113620.1|	100.000	253	0	0	1	253	503	755	5.79e-128	468	253	573739	N/A	Oxalicibacterium horti strain NBRC 13594 16S ribosomal RNA, partial sequence
ASV_971	gi|329111862|emb|FN386763.1|	100.000	253	0	0	1	253	508	760	5.79e-128	468	253	642787	N/A	Herbaspirillum sp. Sco-D19 partial 16S rRNA gene, strain Sco-D19
ASV_971	gi|329111824|emb|FN386722.1|	100.000	253	0	0	1	253	480	732	5.79e-128	468	253	642765	N/A	Herbaspirillum sp. Sco-A35 partial 16S rRNA gene, strain Sco-A35
ASV_971	gi|312179363|gb|HQ406764.1|	100.000	253	0	0	1	253	487	739	5.79e-128	468	253	964	N/A	Herbaspirillum seropedicae strain TY3nrD 16S ribosomal RNA gene, partial sequence
ASV_971	gi|299883579|emb|FN563004.1|	100.000	253	0	0	1	253	538	790	5.79e-128	468	253	688644	N/A	Photoautotrophic bacterium GMMC_Photoauto_1 partial 16S rRNA gene, isolate GMMC_Photoauto_1
ASV_971	gi|253683351|dbj|AB512142.1|	100.000	253	0	0	1	253	503	755	5.79e-128	468	253	303380	N/A	Herminiimonas fonticola gene for 16S rRNA, partial sequence, strain: da Costa S-94
ASV_971	gi|631251635|ref|NR_112833.1|	100.000	253	0	0	1	253	503	755	5.79e-128	468	253	573739	N/A	Oxalicibacterium horti strain OD1 16S ribosomal RNA, partial sequence
ASV_971	gi|225729845|gb|FJ812350.1|	100.000	253	0	0	1	253	473	725	5.79e-128	468	253	631221	N/A	Herbaspirillum sp. 5410S-80 16S ribosomal RNA gene, partial sequence
ASV_971	gi|224027604|emb|AM989095.1|	100.000	253	0	0	1	253	509	761	5.79e-128	468	253	522015	N/A	Herbaspirillum sp. AKB-2008-JO59 partial 16S rRNA gene, strain AKB-2008-JO59
ASV_971	gi|119394207|gb|EF103206.1|	100.000	253	0	0	1	253	433	685	5.79e-128	468	253	416249	N/A	Comamonadaceae bacterium MSCB-9 16S ribosomal RNA gene, partial sequence
ASV_971	gi|343198624|ref|NR_043090.1|	100.000	253	0	0	1	253	486	738	5.79e-128	468	253	303380	N/A	Herminiimonas fonticola strain S-94 16S ribosomal RNA, partial sequence
ASV_971	gi|3152409|dbj|AB008505.1|	100.000	253	0	0	1	253	503	755	5.79e-128	468	253	69282	N/A	Ultramicrobacterium str. D-7 gene for 16S rRNA, partial sequence
ASV_971	gi|3152408|dbj|AB008504.1|	100.000	253	0	0	1	253	503	755	5.79e-128	468	253	69281	N/A	Ultramicrobacterium str. D-6 gene for 16S rRNA, partial sequence
ASV_992	gi|1782942827|dbj|AB836163.1|	100.000	253	0	0	1	253	137	389	5.79e-128	468	253	1364200	N/A	Lysobacter sp. So2Pw_1299 gene for 16S rRNA, partial sequence
ASV_992	gi|1782942328|dbj|AB835666.1|	100.000	253	0	0	1	253	154	406	5.79e-128	468	253	1364198	N/A	Lysobacter sp. So1Ps_750 gene for 16S rRNA, partial sequence
ASV_992	gi|1782942276|dbj|AB835612.1|	100.000	253	0	0	1	253	137	389	5.79e-128	468	253	1364197	N/A	Lysobacter sp. So1Ps_683 gene for 16S rRNA, partial sequence
ASV_992	gi|1778000683|gb|MN726723.1|	100.000	253	0	0	1	253	501	753	5.79e-128	468	253	72226	N/A	Lysobacter sp. strain 206400 16S ribosomal RNA gene, partial sequence
ASV_992	gi|1730672182|gb|MK519076.1|	100.000	253	0	0	1	253	456	708	5.79e-128	468	253	1743261	N/A	Lysobacter terricola strain Nd120-7 16S ribosomal RNA gene, partial sequence
ASV_992	gi|2363084168|ref|NR_180333.1|	100.000	253	0	0	1	253	539	791	5.79e-128	468	253	2865112	N/A	Lysobacter terrestris strain II4 16S ribosomal RNA, partial sequence
ASV_992	gi|1435970559|gb|MH699273.1|	100.000	253	0	0	1	253	515	767	5.79e-128	468	253	72226	N/A	Lysobacter sp. strain MS90 16S ribosomal RNA gene, partial sequence
ASV_992	gi|1206483184|gb|KY753253.1|	100.000	253	0	0	1	253	486	738	5.79e-128	468	253	1537378	N/A	Lysobacter fragariae strain YR-13 16S ribosomal RNA gene, partial sequence
ASV_992	gi|1206483136|gb|KY753205.1|	100.000	253	0	0	1	253	487	739	5.79e-128	468	253	1537378	N/A	Lysobacter fragariae strain MR-6 16S ribosomal RNA gene, partial sequence
ASV_992	gi|2668031302|gb|PP266884.1|	100.000	253	0	0	1	253	481	733	5.79e-128	468	253	72226	N/A	Lysobacter sp. strain Ly77 16S ribosomal RNA gene, partial sequence
ASV_992	gi|1132319600|gb|KY381891.1|	100.000	253	0	0	1	253	504	756	5.79e-128	468	253	72226	N/A	Lysobacter sp. strain S204 16S ribosomal RNA gene, partial sequence
ASV_992	gi|2580113934|gb|OR578373.1|	100.000	253	0	0	1	253	497	749	5.79e-128	468	253	72226	N/A	Lysobacter sp. strain MCY9 16S ribosomal RNA gene, partial sequence
ASV_992	gi|573529767|gb|KF740311.1|	100.000	253	0	0	1	253	477	729	5.79e-128	468	253	1446812	N/A	Lysobacter sp. MEC3Y-3-1 16S ribosomal RNA gene, partial sequence
ASV_992	gi|946719261|gb|KT023573.1|	100.000	253	0	0	1	253	472	724	5.79e-128	468	253	1748498	N/A	Lysobacter sp. THG-SS17.2 16S ribosomal RNA gene, partial sequence
ASV_992	gi|1230874636|ref|NR_148797.1|	100.000	253	0	0	1	253	510	762	5.79e-128	468	253	1743261	N/A	Lysobacter terricola strain 5GH18-14 16S ribosomal RNA, partial sequence
ASV_992	gi|937353068|gb|KT868777.1|	100.000	253	0	0	1	253	167	419	5.79e-128	468	253	346182	N/A	Lysobacter yangpyeongensis strain CMPH-4 16S ribosomal RNA gene, partial sequence
ASV_992	gi|2314232450|gb|OP595786.1|	100.000	253	0	0	1	253	477	729	5.79e-128	468	253	72226	N/A	Lysobacter sp. strain B19 16S ribosomal RNA gene, partial sequence
ASV_992	gi|2295841010|gb|OP390769.1|	100.000	253	0	0	1	253	494	746	5.79e-128	468	253	72226	N/A	Lysobacter sp. strain Bb-1 16S ribosomal RNA gene, partial sequence
ASV_992	gi|2295840984|gb|OP390743.1|	100.000	253	0	0	1	253	493	745	5.79e-128	468	253	72226	N/A	Lysobacter sp. strain Ba-11 16S ribosomal RNA gene, partial sequence
ASV_992	gi|1811131496|ref|NR_165678.1|	100.000	253	0	0	1	253	493	745	5.79e-128	468	253	1537376	N/A	Lysobacter tyrosinelyticus strain THG-DN8.2 16S ribosomal RNA, partial sequence
ASV_992	gi|1024974882|ref|NR_136843.1|	100.000	253	0	0	1	253	505	757	5.79e-128	468	253	1537377	N/A	Lysobacter rhizosphaerae strain THG-DN8.3 16S ribosomal RNA, partial sequence
ASV_992	gi|1024974884|ref|NR_136844.1|	100.000	253	0	0	1	253	494	746	5.79e-128	468	253	1537378	N/A	Lysobacter fragariae strain THG-DN8.7 16S ribosomal RNA, partial sequence
ASV_992	gi|673447803|gb|KM100610.1|	100.000	253	0	0	1	253	498	750	5.79e-128	468	253	1534516	N/A	Lysobacter sp. THG-21.15 16S ribosomal RNA gene, partial sequence
ASV_992	gi|2363087079|ref|NR_181795.1|	100.000	253	0	0	1	253	533	785	5.79e-128	468	253	2865112	N/A	Agrilutibacter terrestris strain II4 16S ribosomal RNA, partial sequence
ASV_992	gi|2363080743|ref|NR_178613.1|	100.000	253	0	0	1	253	482	734	5.79e-128	468	253	1390358	N/A	Lysobacter terrae strain THG-A13 16S ribosomal RNA, partial sequence
ASV_996	gi|2946244338|gb|PV399748.1|	99.203	251	2	0	1	251	152	402	1.62e-123	453	253	77133;1869227	N/A	Uncultured bacterium clone ASV_297_(0.2833%) 16S ribosomal RNA gene, partial sequence
ASV_1016	gi|3057024203|gb|PX279054.1|	100.000	253	0	0	1	253	466	718	5.79e-128	468	253	306	N/A	Pseudomonas sp. strain P2A3-11 16S ribosomal RNA gene, partial sequence
ASV_1016	gi|3057024191|gb|PX279042.1|	100.000	253	0	0	1	253	468	720	5.79e-128	468	253	306	N/A	Pseudomonas sp. strain P1C4-11 16S ribosomal RNA gene, partial sequence
ASV_1016	gi|3057024172|gb|PX279023.1|	100.000	253	0	0	1	253	468	720	5.79e-128	468	253	306	N/A	Pseudomonas sp. strain P1A3-18 16S ribosomal RNA gene, partial sequence
ASV_1016	gi|3039652638|gb|CP196740.1|	100.000	253	0	0	1	253	458978	459230	5.79e-128	468	253	515393	N/A	Pseudomonas yamanorum strain BA90-3 chromosome, complete genome
ASV_1016	gi|3034226568|gb|PX056902.1|	100.000	253	0	0	1	253	492	744	5.79e-128	468	253	515393	N/A	Pseudomonas yamanorum strain CEMTC_9536 16S ribosomal RNA gene, partial sequence
ASV_1016	gi|3034226566|gb|PX056901.1|	100.000	253	0	0	1	253	493	745	5.79e-128	468	253	515393	N/A	Pseudomonas yamanorum strain CEMTC_9524 16S ribosomal RNA gene, partial sequence
ASV_1016	gi|3034226558|gb|PX056897.1|	100.000	253	0	0	1	253	492	744	5.79e-128	468	253	515393	N/A	Pseudomonas yamanorum strain CEMTC_6792 16S ribosomal RNA gene, partial sequence
ASV_1016	gi|3034226556|gb|PX056896.1|	100.000	253	0	0	1	253	493	745	5.79e-128	468	253	515393	N/A	Pseudomonas yamanorum strain CEMTC_4982 16S ribosomal RNA gene, partial sequence
ASV_1016	gi|3034226552|gb|PX056894.1|	100.000	253	0	0	1	253	495	747	5.79e-128	468	253	515393	N/A	Pseudomonas yamanorum strain CEMTC_4674 16S ribosomal RNA gene, partial sequence
ASV_1016	gi|3034129557|gb|PX054587.1|	100.000	253	0	0	1	253	493	745	5.79e-128	468	253	306	N/A	Pseudomonas sp. strain CEMTC_9037 16S ribosomal RNA gene, partial sequence
ASV_1016	gi|3033170219|gb|PX023256.1|	100.000	253	0	0	1	253	504	756	5.79e-128	468	253	104087	N/A	Pseudomonas frederiksbergensis strain E176 16S ribosomal RNA gene, partial sequence
ASV_1016	gi|3033170218|gb|PX023255.1|	100.000	253	0	0	1	253	515	767	5.79e-128	468	253	104087	N/A	Pseudomonas frederiksbergensis strain C64 16S ribosomal RNA gene, partial sequence
ASV_1016	gi|3012504500|gb|PV872438.1|	100.000	253	0	0	1	253	496	748	5.79e-128	468	253	306	N/A	Pseudomonas sp. strain NJ-S-69 16S ribosomal RNA gene, partial sequence
ASV_1016	gi|3012355867|gb|PV871485.1|	100.000	253	0	0	1	253	492	744	5.79e-128	468	253	163011	N/A	Pseudomonas lini strain CEMTC_8474 16S ribosomal RNA gene, partial sequence
ASV_1016	gi|3012355866|gb|PV871484.1|	100.000	253	0	0	1	253	493	745	5.79e-128	468	253	163011	N/A	Pseudomonas lini strain CEMTC_7349 16S ribosomal RNA gene, partial sequence
ASV_1016	gi|3012355865|gb|PV871483.1|	100.000	253	0	0	1	253	493	745	5.79e-128	468	253	163011	N/A	Pseudomonas lini strain CEMTC_7070 16S ribosomal RNA gene, partial sequence
ASV_1016	gi|3012355863|gb|PV871481.1|	100.000	253	0	0	1	253	493	745	5.79e-128	468	253	163011	N/A	Pseudomonas lini strain CEMTC_5829 16S ribosomal RNA gene, partial sequence
ASV_1016	gi|2987828299|gb|PV697214.1|	100.000	253	0	0	1	253	150	402	5.79e-128	468	253	306	N/A	Pseudomonas sp. strain hm62 16S ribosomal RNA gene, partial sequence
ASV_1016	gi|2987828180|gb|PV697095.1|	100.000	253	0	0	1	253	137	389	5.79e-128	468	253	306	N/A	Pseudomonas sp. strain ac30 16S ribosomal RNA gene, partial sequence
ASV_1016	gi|3002442394|gb|PV802673.1|	100.000	253	0	0	1	253	342	594	5.79e-128	468	253	2045200	N/A	Pseudomonas rhizophila strain CS41 16S ribosomal RNA gene, partial sequence
ASV_1016	gi|2977576491|gb|PV643395.1|	100.000	253	0	0	1	253	482	734	5.79e-128	468	253	163011	N/A	Pseudomonas lini strain s59 16S ribosomal RNA gene, partial sequence
ASV_1016	gi|2991088767|gb|PV746216.1|	100.000	253	0	0	1	253	508	760	5.79e-128	468	253	294	N/A	Pseudomonas fluorescens strain UZ-TK-SM4BA2 16S ribosomal RNA gene, partial sequence
ASV_1016	gi|2990760067|gb|PV739509.1|	100.000	253	0	0	1	253	472	724	5.79e-128	468	253	2762577	N/A	Pseudomonas kielensis strain JS23 16S ribosomal RNA gene, partial sequence
ASV_1016	gi|2988529440|gb|CP159621.1|	100.000	253	0	0	1	253	121801	122053	5.79e-128	468	253	515393	N/A	Pseudomonas yamanorum strain RZ5 chromosome, complete genome
ASV_1016	gi|3057024103|gb|PX278954.1|	99.605	253	1	0	1	253	437	689	7.49e-127	464	253	306	N/A	Pseudomonas sp. strain P1A4-03 16S ribosomal RNA gene, partial sequence
ASV_1155	gi|3043036458|gb|PX124168.1|	100.000	253	0	0	1	253	357	609	5.79e-128	468	253	1872086	N/A	Ensifer sp. strain AZ22005 16S ribosomal RNA gene, partial sequence
ASV_1155	gi|3043036457|gb|PX124167.1|	100.000	253	0	0	1	253	276	528	5.79e-128	468	253	1872086	N/A	Ensifer sp. strain AZ7001 16S ribosomal RNA gene, partial sequence
ASV_1155	gi|3043036453|gb|PX124163.1|	100.000	253	0	0	1	253	354	606	5.79e-128	468	253	1872086	N/A	Ensifer sp. strain CZ8009 16S ribosomal RNA gene, partial sequence
ASV_1155	gi|3040294280|gb|PX111480.1|	100.000	253	0	0	1	253	422	674	5.79e-128	468	253	106592	N/A	Ensifer adhaerens strain B30 16S ribosomal RNA gene, partial sequence
ASV_1155	gi|3033664218|gb|PX048611.1|	100.000	253	0	0	1	253	472	724	5.79e-128	468	253	1872086	N/A	Ensifer sp. strain 22460 16S ribosomal RNA gene, partial sequence
ASV_1155	gi|3012973062|gb|PV874916.1|	100.000	253	0	0	1	253	76	328	5.79e-128	468	253	1872086	N/A	Ensifer sp. strain Bernburg_DiControl_Isolate_116-21 16S ribosomal RNA gene, partial sequence
ASV_1155	gi|3012973061|gb|PV874915.1|	100.000	253	0	0	1	253	94	346	5.79e-128	468	253	1913961	N/A	Rhizobiaceae bacterium strain Bernburg_DiControl_Isolate_116-20 16S ribosomal RNA gene, partial sequence
ASV_1155	gi|3012973060|gb|PV874914.1|	100.000	253	0	0	1	253	75	327	5.79e-128	468	253	1872086	N/A	Ensifer sp. strain Bernburg_DiControl_Isolate_116-19 16S ribosomal RNA gene, partial sequence
ASV_1155	gi|3012973059|gb|PV874913.1|	100.000	253	0	0	1	253	74	326	5.79e-128	468	253	1872086	N/A	Ensifer sp. strain Bernburg_DiControl_Isolate_116-18 16S ribosomal RNA gene, partial sequence
ASV_1155	gi|3012973054|gb|PV874908.1|	100.000	253	0	0	1	253	68	320	5.79e-128	468	253	1872086	N/A	Ensifer sp. strain Bernburg_DiControl_Isolate_116-6 16S ribosomal RNA gene, partial sequence
ASV_1155	gi|3012972967|gb|PV874821.1|	100.000	253	0	0	1	253	93	345	5.79e-128	468	253	1872086	N/A	Ensifer sp. strain Bernburg_DiControl_Isolate_111-4 16S ribosomal RNA gene, partial sequence
ASV_1155	gi|2987413506|gb|PV687681.1|	100.000	253	0	0	1	253	419	671	5.79e-128	468	253	1872086	N/A	Ensifer sp. strain ATE003 16S ribosomal RNA gene, partial sequence
ASV_1155	gi|2973175010|gb|PV628079.1|	100.000	253	0	0	1	253	416	668	5.79e-128	468	253	1869227	N/A	Bacterium strain N5 16S ribosomal RNA gene, partial sequence
ASV_1155	gi|2959920115|gb|PV547913.1|	100.000	253	0	0	1	253	416	668	5.79e-128	468	253	106592	N/A	Ensifer adhaerens strain SNTT1 16S ribosomal RNA gene, partial sequence
ASV_1155	gi|2959920103|gb|PV547901.1|	100.000	253	0	0	1	253	425	677	5.79e-128	468	253	1872086	N/A	Ensifer sp. strain MTT1 16S ribosomal RNA gene, partial sequence
ASV_1155	gi|2961285824|gb|CP184570.1|	100.000	253	0	0	1	253	2334422	2334674	5.79e-128	468	253	3404055	N/A	Ensifer sp. R-19 chromosome 2, complete sequence
ASV_1155	gi|2961282066|gb|CP184569.1|	100.000	253	0	0	1	253	2851073	2850821	5.79e-128	468	253	3404055	N/A	Ensifer sp. R-19 chromosome 1, complete sequence
ASV_1155	gi|2952554711|gb|PV453410.1|	100.000	253	0	0	1	253	464	716	5.79e-128	468	253	1872086	N/A	Ensifer sp. strain KR9-219 16S ribosomal RNA gene, partial sequence
ASV_1155	gi|2863069651|gb|PQ659772.1|	100.000	253	0	0	1	253	340	592	5.79e-128	468	253	1872086	N/A	Ensifer sp. strain 49S1NM 16S ribosomal RNA gene, partial sequence
ASV_1155	gi|2863069650|gb|PQ659771.1|	100.000	253	0	0	1	253	424	676	5.79e-128	468	253	1872086	N/A	Ensifer sp. strain 49S3NM 16S ribosomal RNA gene, partial sequence
ASV_1155	gi|2862457935|gb|PQ651421.1|	100.000	253	0	0	1	253	472	724	5.79e-128	468	253	106592	N/A	Ensifer adhaerens strain XP-5 16S ribosomal RNA gene, partial sequence
ASV_1155	gi|2838082001|dbj|LC848646.1|	100.000	253	0	0	1	253	452	704	5.79e-128	468	253	1913961	N/A	Rhizobiaceae bacterium Tubac6 gene for 16S rRNA, partial sequence
ASV_1155	gi|2814915225|gb|PQ452220.1|	100.000	253	0	0	1	253	464	716	5.79e-128	468	253	1872086	N/A	Ensifer sp. strain DSM 102418, strain Root31 16S ribosomal RNA gene, partial sequence
ASV_1155	gi|2811755540|gb|PQ395098.1|	100.000	253	0	0	1	253	394	646	5.79e-128	468	253	1872086	N/A	Ensifer sp. strain S7_C1_2 16S ribosomal RNA gene, partial sequence
ASV_1155	gi|2811755509|gb|PQ395067.1|	100.000	253	0	0	1	253	416	668	5.79e-128	468	253	1872086	N/A	Ensifer sp. strain S4_6 16S ribosomal RNA gene, partial sequence
ASV_1237	gi|37651304|dbj|AB121772.1|	99.209	253	2	0	1	253	471	723	1.25e-124	457	253	248738	N/A	Alpha proteobacterium Shinshu-th1 gene for 16S rRNA
ASV_1369	gi|3039034297|gb|PX106058.1|	100.000	253	0	0	1	253	505	757	5.79e-128	468	253	633403	N/A	Sporosarcina contaminans strain X-L34 16S ribosomal RNA gene, partial sequence
ASV_1369	gi|2987298620|dbj|LC875685.1|	100.000	253	0	0	1	253	484	736	5.79e-128	468	253	633403	N/A	Sporosarcina contaminans 30-25 gene for 16S rRNA, partial sequence
ASV_1369	gi|2987298617|dbj|LC875682.1|	100.000	253	0	0	1	253	479	731	5.79e-128	468	253	633403	N/A	Sporosarcina contaminans 30-22 gene for 16S rRNA, partial sequence
ASV_1369	gi|2960548554|gb|PV553842.1|	100.000	253	0	0	1	253	489	741	5.79e-128	468	253	633403	N/A	Sporosarcina contaminans strain AKO-11 16S ribosomal RNA gene, partial sequence
ASV_1369	gi|1475929021|gb|MH894239.1|	100.000	253	0	0	1	253	487	739	5.79e-128	468	253	334735	N/A	Sporosarcina koreensis strain 9-CIP-1 16S ribosomal RNA gene, partial sequence
ASV_1369	gi|1530829076|gb|MG709191.1|	100.000	253	0	0	1	253	506	758	5.79e-128	468	253	334736	N/A	Sporosarcina soli strain B23 16S ribosomal RNA gene, partial sequence
ASV_1369	gi|1530829052|gb|MG709167.1|	100.000	253	0	0	1	253	509	761	5.79e-128	468	253	334736	N/A	Sporosarcina soli strain A18 16S ribosomal RNA gene, partial sequence
ASV_1369	gi|1344721400|gb|MG966006.1|	100.000	253	0	0	1	253	425	677	5.79e-128	468	253	1869227	N/A	Bacterium strain D2-5-27F.seq 16S ribosomal RNA gene, partial sequence
ASV_1369	gi|1016080486|dbj|LC129221.1|	100.000	253	0	0	1	253	470	722	5.79e-128	468	253	1810553	N/A	Sporosarcina sp. KW3b2 gene for 16S ribosomal RNA, partial sequence
ASV_1369	gi|1016080485|dbj|LC129220.1|	100.000	253	0	0	1	253	470	722	5.79e-128	468	253	1810552	N/A	Sporosarcina sp. KW3b1 gene for 16S ribosomal RNA, partial sequence
ASV_1369	gi|2516277852|gb|OR121752.1|	100.000	253	0	0	1	253	483	735	5.79e-128	468	253	633403	N/A	Sporosarcina contaminans strain Y289 16S ribosomal RNA gene, partial sequence
ASV_1369	gi|2516277815|gb|OR121715.1|	100.000	253	0	0	1	253	484	736	5.79e-128	468	253	633403	N/A	Sporosarcina contaminans strain Y183 16S ribosomal RNA gene, partial sequence
ASV_1369	gi|745739463|gb|KP236179.1|	100.000	253	0	0	1	253	504	756	5.79e-128	468	253	633403	N/A	Sporosarcina contaminans strain 0038 16S ribosomal RNA gene, partial sequence
ASV_1369	gi|965874269|gb|KT318808.1|	100.000	253	0	0	1	253	471	723	5.79e-128	468	253	633403	N/A	Sporosarcina contaminans strain FI217 16S ribosomal RNA gene, partial sequence
ASV_1369	gi|625295160|gb|KJ485701.1|	100.000	253	0	0	1	253	515	767	5.79e-128	468	253	334736	N/A	Sporosarcina soli strain B7-22 16S ribosomal RNA gene, partial sequence
ASV_1369	gi|572541053|gb|KF777479.1|	100.000	253	0	0	1	253	513	765	5.79e-128	468	253	1444499	N/A	Sporosarcina sp. M_Sw_HS_09/10_11_1(1) 16S ribosomal RNA gene, partial sequence
ASV_1369	gi|645319552|ref|NR_116955.1|	100.000	253	0	0	1	253	509	761	5.79e-128	468	253	633403	N/A	Sporosarcina contaminans strain CCUG 53915 16S ribosomal RNA, partial sequence
ASV_1369	gi|574587579|gb|KF771408.1|	99.605	253	1	0	1	253	149	401	7.49e-127	464	253	363855	N/A	Sporosarcina ginsengisoli strain ODB103 16S ribosomal RNA gene, partial sequence
ASV_1369	gi|3056046945|gb|PX259631.1|	99.605	253	1	0	1	253	516	768	2.69e-126	462	253	2675273	N/A	Neobacillus sp. strain TR12 16S ribosomal RNA gene, partial sequence
ASV_1369	gi|3042790745|gb|PX118914.1|	99.605	253	1	0	1	253	400	652	2.69e-126	462	253	49982	N/A	Sporosarcina sp. strain PSA10 16S ribosomal RNA gene, partial sequence
ASV_1369	gi|3036607641|gb|PX070514.1|	99.605	253	1	0	1	253	121	373	2.69e-126	462	253	86668	N/A	Neobacillus niacini strain OLV78 16S ribosomal RNA gene, partial sequence
ASV_1369	gi|3036607640|gb|PX070513.1|	99.605	253	1	0	1	253	143	395	2.69e-126	462	253	1409	N/A	Bacillus sp. (in: firmicutes) strain OLV76 16S ribosomal RNA gene, partial sequence
ASV_1369	gi|3036607638|gb|PX070512.1|	99.605	253	1	0	1	253	159	411	2.69e-126	462	253	1409	N/A	Bacillus sp. (in: firmicutes) strain OLV75 16S ribosomal RNA gene, partial sequence
ASV_1369	gi|3036607637|gb|PX070511.1|	99.605	253	1	0	1	253	98	350	2.69e-126	462	253	1409	N/A	Bacillus sp. (in: firmicutes) strain OLV74 16S ribosomal RNA gene, partial sequence
ASV_1369	gi|3036607634|gb|PX070508.1|	99.605	253	1	0	1	253	97	349	2.69e-126	462	253	220684	N/A	Neobacillus drentensis strain OLV71 16S ribosomal RNA gene, partial sequence
ASV_1377	gi|2060187194|gb|MZ471327.1|	100.000	253	0	0	1	253	425	677	5.79e-128	468	253	28214	N/A	Sphingomonas sp. strain 709 16S ribosomal RNA gene, partial sequence
ASV_1377	gi|2202206416|gb|OM884941.1|	100.000	253	0	0	1	253	425	677	5.79e-128	468	253	28214	N/A	Sphingomonas sp. strain 84 16S ribosomal RNA gene, partial sequence
ASV_1377	gi|1893872188|gb|MT900953.1|	100.000	253	0	0	1	253	442	694	5.79e-128	468	253	28214	N/A	Sphingomonas sp. strain 85 16S ribosomal RNA gene, partial sequence
ASV_1377	gi|1393199450|gb|MF503624.1|	99.605	253	1	0	1	253	459	711	2.69e-126	462	253	2315689	N/A	Sphingomonas edaphi strain DAC4 16S ribosomal RNA gene, partial sequence
ASV_1377	gi|1150392511|gb|KY117525.1|	99.605	253	1	0	1	253	446	698	2.69e-126	462	253	28214	N/A	Sphingomonas sp. strain A912 16S ribosomal RNA gene, partial sequence
ASV_1377	gi|2060187195|gb|MZ471328.1|	99.605	253	1	0	1	253	434	686	2.69e-126	462	253	28214	N/A	Sphingomonas sp. strain 715 16S ribosomal RNA gene, partial sequence
ASV_1377	gi|2202206417|gb|OM884942.1|	99.605	253	1	0	1	253	434	686	2.69e-126	462	253	28214	N/A	Sphingomonas sp. strain 85 16S ribosomal RNA gene, partial sequence
ASV_1377	gi|2363082940|ref|NR_179718.1|	99.605	253	1	0	1	253	459	711	2.69e-126	462	253	2315689	N/A	Sphingomonas edaphi strain DAC4 16S ribosomal RNA, partial sequence
ASV_1377	gi|260150824|gb|GQ369123.1|	99.605	253	1	0	1	253	391	643	2.69e-126	462	253	674719	N/A	Sphingomonas sp. Z2-YC6855 16S ribosomal RNA gene, partial sequence
ASV_1377	gi|260150768|gb|GQ369067.1|	99.605	253	1	0	1	253	383	635	2.69e-126	462	253	674710	N/A	Sphingomonas sp. T3-YC6799 16S ribosomal RNA gene, partial sequence
ASV_1377	gi|18149284|dbj|AB074731.1|	99.605	253	1	0	1	253	174	426	2.69e-126	462	253	179598	N/A	Alpha proteobacterium S-N(1)-8A gene for 16S ribosomal RNA, partial sequence
ASV_1377	gi|1782943165|dbj|AB836503.1|	99.209	253	2	0	1	253	116	368	1.25e-124	457	253	1364767	N/A	Sphingomonas sp. So3Pw_1041 gene for 16S rRNA, partial sequence
ASV_1377	gi|1617850872|gb|MK796047.1|	99.209	253	2	0	1	253	450	702	1.25e-124	457	253	2904799	N/A	Sphingomonas cremea strain G124 16S ribosomal RNA gene, partial sequence
ASV_1377	gi|1150392565|gb|KY176927.1|	99.209	253	2	0	1	253	456	708	1.25e-124	457	253	28214	N/A	Sphingomonas sp. strain S40 16S ribosomal RNA gene, partial sequence
ASV_1377	gi|2668031324|gb|PP266906.1|	99.209	253	2	0	1	253	426	678	1.25e-124	457	253	28214	N/A	Sphingomonas sp. strain Sm28 16S ribosomal RNA gene, partial sequence
ASV_1377	gi|2640698792|gb|PP049696.1|	99.209	253	2	0	1	253	371	623	1.25e-124	457	253	2071607	N/A	Sphingomonas rhizophila strain N160 16S ribosomal RNA gene, partial sequence
ASV_1377	gi|1491522545|ref|NR_159352.1|	99.209	253	2	0	1	253	457	709	1.25e-124	457	253	2071607	N/A	Sphingomonas rhizophila strain THG-T61 16S ribosomal RNA, partial sequence
ASV_1377	gi|999847123|gb|FJ796464.4|	99.209	253	2	0	1	253	460	712	1.25e-124	457	253	627689	N/A	Sphingomonas sp. DB-II-12 16S ribosomal RNA gene, partial sequence
ASV_1377	gi|529746198|gb|KF295496.1|	99.209	253	2	0	1	253	418	670	1.25e-124	457	253	1351397	N/A	Sphingomonas sp. Z283 16S ribosomal RNA gene, partial sequence
ASV_1377	gi|2007452104|gb|MW766951.1|	99.209	253	2	0	1	253	467	719	1.25e-124	457	253	28214	N/A	Sphingomonas sp. strain BPPL-168 16S ribosomal RNA gene, partial sequence
ASV_1377	gi|1898509264|gb|CP060717.1|	99.209	253	2	0	1	253	2391758	2392010	1.25e-124	457	253	2071607	N/A	Sphingomonas rhizophila strain KACC 19189 chromosome, complete genome
ASV_1377	gi|1893872189|gb|MT900954.1|	99.209	253	2	0	1	253	439	691	1.25e-124	457	253	28214	N/A	Sphingomonas sp. strain 184 16S ribosomal RNA gene, partial sequence
ASV_1377	gi|1869438378|gb|MT756057.1|	99.209	253	2	0	1	253	467	719	1.25e-124	457	253	28214	N/A	Sphingomonas sp. strain C42 16S ribosomal RNA gene, partial sequence
ASV_1377	gi|18149281|dbj|AB074728.1|	99.209	253	1	1	1	253	174	425	4.51e-124	455	253	179597	N/A	Alpha proteobacterium S-N(1)-21B gene for 16S ribosomal RNA, partial sequence
ASV_1417	gi|1023747305|gb|KX023535.1|	100.000	252	0	0	1	252	576	827	2.07e-127	466	252	1837629	N/A	Paenibacillus sp. E4BS9_pA 16S ribosomal RNA gene, partial sequence
ASV_1417	gi|1023747301|gb|KX023531.1|	100.000	252	0	0	1	252	527	778	2.07e-127	466	252	1837625	N/A	Paenibacillus sp. E4BS17_907R 16S ribosomal RNA gene, partial sequence
ASV_1417	gi|1023747297|gb|KX023527.1|	100.000	252	0	0	1	252	527	778	2.07e-127	466	252	1837620;1837633	N/A	Paenibacillus sp. E3R12_pA 16S ribosomal RNA gene, partial sequence
ASV_1417	gi|1023747295|gb|KX023525.1|	100.000	252	0	0	1	252	525	776	2.07e-127	466	252	1837618	N/A	Paenibacillus sp. E3BS4_pA 16S ribosomal RNA gene, partial sequence
ASV_1417	gi|1023747294|gb|KX023524.1|	100.000	252	0	0	1	252	527	778	2.07e-127	466	252	1837617	N/A	Paenibacillus sp. E3BS25_pA 16S ribosomal RNA gene, partial sequence
ASV_1417	gi|1023747292|gb|KX023522.1|	100.000	252	0	0	1	252	527	778	2.07e-127	466	252	1837615	N/A	Paenibacillus sp. E2R5_pA 16S ribosomal RNA gene, partial sequence
ASV_1417	gi|1023747282|gb|KX023512.1|	100.000	252	0	0	1	252	527	778	2.07e-127	466	252	1837604	N/A	Paenibacillus sp. C2BS13_907R 16S ribosomal RNA gene, partial sequence
ASV_1417	gi|1514709642|gb|MK168038.1|	100.000	252	0	0	1	252	337	588	2.07e-127	466	252	58172	N/A	Paenibacillus sp. strain 130A-13 16S ribosomal RNA gene, partial sequence
ASV_1417	gi|1511239781|gb|MK143250.1|	100.000	252	0	0	1	252	394	645	2.07e-127	466	252	58172	N/A	Paenibacillus sp. strain 129A-49 16S ribosomal RNA gene, partial sequence
ASV_1417	gi|1388111233|gb|MH319966.1|	100.000	252	0	0	1	252	419	670	2.07e-127	466	252	58172	N/A	Paenibacillus sp. strain UFLA04-584 16S ribosomal RNA gene, partial sequence
ASV_1417	gi|1402131462|gb|MH479094.1|	100.000	252	0	0	1	252	450	701	2.07e-127	466	252	512399	N/A	Paenibacillus pectinilyticus strain M64F 16S ribosomal RNA gene, partial sequence
ASV_1417	gi|1402131458|gb|MH479090.1|	100.000	252	0	0	1	252	447	698	2.07e-127	466	252	512399	N/A	Paenibacillus pectinilyticus strain M44F 16S ribosomal RNA gene, partial sequence
ASV_1417	gi|2700707217|gb|PP504450.1|	100.000	252	0	0	1	252	445	696	2.07e-127	466	252	1837343	N/A	Paenibacillus qinlingensis strain SP25 16S ribosomal RNA gene, partial sequence
ASV_1417	gi|2623980677|gb|OR855863.1|	100.000	252	0	0	1	252	431	682	2.07e-127	466	252	1837343	N/A	Paenibacillus qinlingensis strain T1P1F1 16S ribosomal RNA gene, partial sequence
ASV_1417	gi|2619204252|gb|OR787591.1|	100.000	252	0	0	1	252	511	762	2.07e-127	466	252	58172	N/A	Paenibacillus sp. strain MMS23-KR7 16S ribosomal RNA gene, partial sequence
ASV_1417	gi|1024639464|gb|KU341401.1|	100.000	252	0	0	1	252	506	757	2.07e-127	466	252	512399	N/A	Paenibacillus pectinilyticus strain SS2-25 16S ribosomal RNA gene, partial sequence
ASV_1417	gi|2553413508|gb|OR352526.1|	100.000	252	0	0	1	252	511	762	2.07e-127	466	252	512399	N/A	Paenibacillus pectinilyticus strain PAMC 29634 16S ribosomal RNA gene, partial sequence
ASV_1417	gi|984880158|emb|LN876288.1|	100.000	252	0	0	1	252	480	731	2.07e-127	466	252	1380372	N/A	Paenibacillus sp. URHA0014 partial 16S rRNA gene, strain URHA0014
ASV_1417	gi|1476740329|gb|MH918323.1|	100.000	252	0	0	1	252	509	760	2.07e-127	466	252	58172	N/A	Paenibacillus sp. strain T0T2_10 16S ribosomal RNA gene, partial sequence
ASV_1417	gi|1476740257|gb|MH918251.1|	100.000	252	0	0	1	252	490	741	2.07e-127	466	252	58172	N/A	Paenibacillus sp. strain T1T2_6 16S ribosomal RNA gene, partial sequence
ASV_1417	gi|2231800367|gb|ON366415.1|	100.000	252	0	0	1	252	502	753	2.07e-127	466	252	512399	N/A	Paenibacillus pectinilyticus strain NAT2 16S ribosomal RNA gene, partial sequence
ASV_1417	gi|382947787|gb|JN819605.1|	100.000	252	0	0	1	252	482	733	2.07e-127	466	252	1167409	N/A	Paenibacillus sp. DA30 16S ribosomal RNA gene, partial sequence
ASV_1417	gi|371907815|emb|FN646631.1|	100.000	252	0	0	1	252	489	740	2.07e-127	466	252	705315	N/A	Paenibacillus sp. DLS-09 partial 16S rRNA gene, strain DLS-09
ASV_1421	gi|2946244314|gb|PV399724.1|	100.000	251	0	0	1	251	177	427	7.49e-127	464	253	1869227	N/A	Bacterium strain ASV_947_(0.1295%) 16S ribosomal RNA gene, partial sequence
ASV_1437	gi|304561158|gb|HM163249.1|	100.000	253	0	0	1	253	458	710	5.79e-128	468	253	878577	N/A	Alpha proteobacterium OR-205 16S ribosomal RNA gene, partial sequence
ASV_1437	gi|984880308|emb|LN876436.1|	99.605	253	1	0	1	253	420	672	7.49e-127	464	253	1703172	N/A	Alpha proteobacterium. URHD0017 partial 16S rRNA gene, strain URHD0017
ASV_1437	gi|1782942627|dbj|AB835963.1|	99.209	253	2	0	1	253	120	372	1.25e-124	457	253	1360399	N/A	Alpha proteobacterium So2Ps_808 gene for 16S rRNA, partial sequence
ASV_1437	gi|1782941728|dbj|AB835066.1|	99.209	253	2	0	1	253	126	378	1.25e-124	457	253	1360370	N/A	Alpha proteobacterium Se3Ps_2567 gene for 16S rRNA, partial sequence
ASV_1437	gi|1973624444|gb|MW569116.1|	99.209	253	2	0	1	253	403	655	1.25e-124	457	253	1929291	N/A	Reyranella sp. strain EST1720 16S ribosomal RNA gene, partial sequence
ASV_1437	gi|1973624206|gb|MW568878.1|	99.209	253	2	0	1	253	396	648	1.25e-124	457	253	1929291	N/A	Reyranella sp. strain AC1033_JC1432 16S ribosomal RNA gene, partial sequence
ASV_1437	gi|566085594|ref|NR_109674.1|	99.209	253	2	0	1	253	457	709	1.25e-124	457	253	1230389	N/A	Reyranella soli strain KIS14-15 16S ribosomal RNA, partial sequence
ASV_1437	gi|224027584|emb|AM989075.1|	99.209	253	2	0	1	253	455	707	1.25e-124	457	253	522240	N/A	alpha proteobacterium AKB-2008-TA3A partial 16S rRNA gene, strain AKB-2008-TA3A
ASV_1443	gi|532761233|gb|KC921177.1|	99.209	253	2	0	1	253	474	726	1.25e-124	457	253	1391519	N/A	Acidobacteria bacterium WY67 16S ribosomal RNA gene, partial sequence
ASV_1450	gi|1743553035|gb|MH158518.2|	99.605	253	1	0	1	253	467	719	2.69e-126	462	253	2487129	N/A	Frigidibacter oleivorans strain XJ4 16S ribosomal RNA gene, partial sequence
ASV_1450	gi|2574145265|gb|OR520603.1|	99.605	253	1	0	1	253	480	732	2.69e-126	462	253	3073604	N/A	Ruixingdingia sedimenti 16S ribosomal RNA gene, partial sequence
ASV_1450	gi|2363083583|ref|NR_180039.1|	99.605	253	1	0	1	253	467	719	2.69e-126	462	253	2487129	N/A	Frigidibacter oleivorans strain XJ4 16S ribosomal RNA, partial sequence
ASV_1450	gi|223959278|gb|FJ161259.1|	99.605	253	1	0	1	253	435	687	2.69e-126	462	253	603284	N/A	Rhodovulum sp. D4028 16S ribosomal RNA gene, partial sequence
ASV_1450	gi|2957405788|gb|PV524602.1|	99.209	253	2	0	1	253	461	713	1.25e-124	457	253	453584	N/A	Rhodovulum kholense strain X21 16S ribosomal RNA gene, partial sequence
ASV_1450	gi|1679357779|gb|MN043735.1|	99.209	253	2	0	1	253	439	691	1.25e-124	457	253	2586418	N/A	Frigidibacter sp. strain P111-L04pc 16S ribosomal RNA gene, partial sequence
ASV_1450	gi|2698019012|gb|PP479197.1|	99.209	253	2	0	1	253	376	628	1.25e-124	457	253	589035	N/A	Gemmobacter caeni strain R39 16S ribosomal RNA gene, partial sequence
ASV_1450	gi|1059433222|dbj|LC177124.1|	99.209	253	2	0	1	253	450	702	1.25e-124	457	253	1892305	N/A	Paracoccus sp. IRNB-279 gene for 16S ribosomal RNA, partial sequence, isolate: IRNB-279
ASV_1450	gi|220979587|emb|FM253115.1|	99.209	253	2	0	1	253	428	680	1.25e-124	457	253	77133;570013	N/A	Rhodobacter sp. JA431 partial 16S rRNA gene, type strain JA431T
ASV_1450	gi|187293506|emb|AM990716.1|	99.209	253	2	0	1	253	443	695	1.25e-124	457	253	523385	N/A	Rhodobacteraceae bacterium MOLA 449 partial 16S rRNA gene, culture collection MOLA:449
ASV_1450	gi|187293504|emb|AM990714.1|	99.209	253	2	0	1	253	472	724	1.25e-124	457	253	523375	N/A	Rhodobacter sp. MOLA 447 partial 16S rRNA gene, culture collection MOLA:447
ASV_1450	gi|187293492|emb|AM990702.1|	99.209	253	2	0	1	253	472	724	1.25e-124	457	253	523384	N/A	Rhodobacteraceae bacterium MOLA 435 partial 16S rRNA gene, culture collection MOLA:435
ASV_1450	gi|343202359|ref|NR_042645.1|	99.209	253	2	0	1	253	432	684	1.25e-124	457	253	453584	N/A	Rhodovulum kholense strain JA297 16S ribosomal RNA, partial sequence
ASV_1562	gi|2872331011|gb|PQ794819.1|	99.605	253	1	0	1	253	178	430	2.69e-126	462	253	77133;1869227	N/A	Uncultured bacterium clone OTU11 16S ribosomal RNA gene, partial sequence
ASV_1575	gi|356874590|dbj|AB529677.1|	99.605	253	1	0	1	253	338	590	2.69e-126	462	253	685826	N/A	Bacterium YO-33 gene for 16S ribosomal RNA, partial sequence
ASV_1576	gi|1845862607|gb|MT514499.1|	99.209	253	2	0	1	253	504	756	1.25e-124	457	253	239	N/A	Flavobacterium sp. strain MAHUQ-51 16S ribosomal RNA gene, partial sequence
ASV_1576	gi|1675235123|gb|MK999979.1|	99.209	253	2	0	1	253	466	718	1.25e-124	457	253	992289	N/A	Flavobacterium nitratireducens strain POL1 16S ribosomal RNA gene, partial sequence
ASV_1576	gi|1608424814|gb|MK757934.1|	99.209	253	2	0	1	253	489	741	1.25e-124	457	253	239	N/A	Flavobacterium sp. strain NBS10 16S ribosomal RNA gene, partial sequence
ASV_1576	gi|1523709463|gb|MK226319.1|	99.209	253	2	0	1	253	505	757	1.25e-124	457	253	992289	N/A	Flavobacterium nitratireducens strain IMCC34944 16S ribosomal RNA gene, partial sequence
ASV_1576	gi|1205046751|gb|MF289262.1|	99.209	253	2	0	1	253	414	666	1.25e-124	457	253	239	N/A	Flavobacterium sp. strain MMS16-B30 16S ribosomal RNA gene, partial sequence
ASV_1576	gi|2482055250|gb|CP121111.1|	99.209	253	2	0	1	253	38512	38764	1.25e-124	457	253	992289	N/A	Flavobacterium nitratireducens strain JCM 17678 chromosome, complete genome
ASV_1576	gi|566084978|ref|NR_108520.1|	99.209	253	2	0	1	253	466	718	1.25e-124	457	253	992289	N/A	Flavobacterium nitratireducens strain N1 16S ribosomal RNA, partial sequence
ASV_1584	gi|2843846397|gb|PQ552061.1|	99.605	253	1	0	1	253	1	253	2.69e-126	462	253	77133;1869227	N/A	Uncultured bacterium clone 989109_AL200_106403 16S ribosomal RNA gene, partial sequence
ASV_1715	gi|2946244378|gb|PV399788.1|	99.203	251	2	0	1	251	155	405	1.62e-123	453	253	77133;1869227	N/A	Uncultured bacterium clone ASV_221_(0.1087%) 16S ribosomal RNA gene, partial sequence
ASV_1843	gi|1855144259|gb|MT611250.1|	100.000	253	0	0	1	253	451	703	5.79e-128	468	253	51513	N/A	Agromyces sp. strain T96 16S ribosomal RNA gene, partial sequence
ASV_1843	gi|1825970130|gb|MT255052.1|	100.000	253	0	0	1	253	436	688	5.79e-128	468	253	51513	N/A	Agromyces sp. strain P12-30 16S ribosomal RNA gene, partial sequence
ASV_1843	gi|3063338239|gb|PX397432.1|	100.000	253	0	0	1	253	492	744	5.79e-128	468	253	1389020	N/A	Agromyces marinus strain 4HN05-56 16S ribosomal RNA gene, partial sequence
ASV_1843	gi|1810970938|gb|MT081296.1|	100.000	253	0	0	1	253	458	710	5.79e-128	468	253	41986	N/A	Agromyces mediolanus strain YA-7B 16S ribosomal RNA gene, partial sequence
ASV_1843	gi|1778000692|gb|MN726728.1|	100.000	253	0	0	1	253	484	736	5.79e-128	468	253	51513	N/A	Agromyces sp. strain 206445 16S ribosomal RNA gene, partial sequence
ASV_1843	gi|2979674970|gb|PV658894.1|	100.000	253	0	0	1	253	551	803	5.79e-128	468	253	51513	N/A	Agromyces sp. strain GXS1127 16S ribosomal RNA gene, partial sequence
ASV_1843	gi|2957952328|gb|PV538457.1|	100.000	253	0	0	1	253	541	793	5.79e-128	468	253	51513	N/A	Agromyces sp. strain GX1204 16S ribosomal RNA gene, partial sequence
ASV_1843	gi|1707431955|gb|MN199487.1|	100.000	253	0	0	1	253	379	631	5.79e-128	468	253	1817495	N/A	Agromyces binzhouensis strain 31 16S ribosomal RNA gene, partial sequence
ASV_1843	gi|2805779800|gb|PQ344125.1|	100.000	253	0	0	1	253	482	734	5.79e-128	468	253	766966	N/A	Agromyces arachidis strain SCK_820 16S ribosomal RNA gene, partial sequence
ASV_1843	gi|2733160513|gb|PP805938.1|	100.000	253	0	0	1	253	462	714	5.79e-128	468	253	51513	N/A	Agromyces sp. strain YLP-5 16S ribosomal RNA gene, partial sequence
ASV_1843	gi|2638458553|gb|PP024003.1|	100.000	253	0	0	1	253	451	703	5.79e-128	468	253	1817495	N/A	Agromyces binzhouensis strain M2 16S ribosomal RNA gene, partial sequence
ASV_1843	gi|2562379863|gb|OR429370.1|	100.000	253	0	0	1	253	462	714	5.79e-128	468	253	1858653	N/A	Agromyces mangrovi strain 23735 16S ribosomal RNA gene, partial sequence
ASV_1843	gi|2465742394|dbj|AP027734.1|	100.000	253	0	0	1	253	1431549	1431297	5.79e-128	468	253	1389020	N/A	Agromyces marinus NBRC 109019 DNA, complete genome
ASV_1843	gi|2307024704|gb|OP493225.1|	100.000	253	0	0	1	253	513	765	5.79e-128	468	253	3030835	N/A	Agromyces sp. strain H3Y2-19a 16S ribosomal RNA gene, partial sequence
ASV_1843	gi|2322557283|gb|OP739388.1|	100.000	253	0	0	1	253	425	677	5.79e-128	468	253	51513	N/A	Agromyces sp. strain CB303 16S ribosomal RNA gene, partial sequence
ASV_1843	gi|2322557280|gb|OP739385.1|	100.000	253	0	0	1	253	313	565	5.79e-128	468	253	51513	N/A	Agromyces sp. strain CB203 16S ribosomal RNA gene, partial sequence
ASV_1843	gi|2322557279|gb|OP739384.1|	100.000	253	0	0	1	253	418	670	5.79e-128	468	253	51513	N/A	Agromyces sp. strain CB202 16S ribosomal RNA gene, partial sequence
ASV_1843	gi|2321162925|gb|OP716214.1|	100.000	253	0	0	1	253	486	738	5.79e-128	468	253	51513	N/A	Agromyces sp. strain N1776 16S ribosomal RNA gene, partial sequence
ASV_1843	gi|2294996591|gb|OP364641.1|	100.000	253	0	0	1	253	477	729	5.79e-128	468	253	51513	N/A	Agromyces sp. strain MRHB1-134 16S ribosomal RNA gene, partial sequence
ASV_1843	gi|2294996580|gb|OP364630.1|	100.000	253	0	0	1	253	478	730	5.79e-128	468	253	51513	N/A	Agromyces sp. strain MRHB1-121 16S ribosomal RNA gene, partial sequence
ASV_1843	gi|2263780742|gb|ON911902.1|	100.000	253	0	0	1	253	491	743	5.79e-128	468	253	51513	N/A	Agromyces sp. strain H17E-10 16S ribosomal RNA gene, partial sequence
ASV_1843	gi|2221901293|gb|CP095042.1|	100.000	253	0	0	1	253	181599	181347	5.79e-128	468	253	2932244	N/A	Agromyces sp. H17E-10 chromosome, complete genome
ASV_1843	gi|2098514204|gb|OK236206.1|	100.000	253	0	0	1	253	461	713	5.79e-128	468	253	51513	N/A	Agromyces sp. strain 592 16S ribosomal RNA gene, partial sequence
ASV_1843	gi|2098514199|gb|OK236201.1|	100.000	253	0	0	1	253	462	714	5.79e-128	468	253	51513	N/A	Agromyces sp. strain 584 16S ribosomal RNA gene, partial sequence
ASV_1843	gi|2152694436|gb|OL583979.1|	100.000	253	0	0	1	253	499	751	5.79e-128	468	253	51513	N/A	Agromyces sp. strain S2-1-8 16S ribosomal RNA gene, partial sequence
ASV_1868	gi|2784290747|gb|PQ151696.1|	100.000	253	0	0	1	253	448	700	5.79e-128	468	253	492774	N/A	Rhizobium alamii strain AS32 16S ribosomal RNA gene, partial sequence
ASV_1868	gi|3012972929|gb|PV874783.1|	100.000	253	0	0	1	253	91	343	5.79e-128	468	253	391	N/A	Rhizobium sp. strain Bernburg_DiControl_Isolate_108-15 16S ribosomal RNA gene, partial sequence
ASV_1868	gi|2837941249|gb|PQ497964.1|	100.000	253	0	0	1	253	374	626	5.79e-128	468	253	391	N/A	Rhizobium sp. strain SlS28 16S ribosomal RNA gene, partial sequence
ASV_1868	gi|2913189259|gb|CP180586.1|	100.000	253	0	0	1	253	3264995	3264743	5.79e-128	468	253	3389872	N/A	Rhizobium sp. ZK1 chromosome 1, complete sequence
ASV_1868	gi|2873079438|gb|PQ803796.1|	100.000	253	0	0	1	253	437	689	5.79e-128	468	253	391	N/A	Rhizobium sp. strain ZK1 16S ribosomal RNA gene, partial sequence
ASV_1868	gi|2740069998|gb|PP874729.1|	100.000	253	0	0	1	253	417	669	5.79e-128	468	253	492774	N/A	Rhizobium alamii strain WBK1 16S ribosomal RNA gene, partial sequence
ASV_1868	gi|2740069995|gb|PP874726.1|	100.000	253	0	0	1	253	420	672	5.79e-128	468	253	492774	N/A	Rhizobium alamii strain L2B2483c 16S ribosomal RNA gene, partial sequence
ASV_1868	gi|2739485227|gb|PP869078.1|	100.000	253	0	0	1	253	450	702	5.79e-128	468	253	1913961	N/A	Rhizobiaceae bacterium strain KIS69-18 16S ribosomal RNA gene, partial sequence
ASV_1868	gi|2702916311|gb|PP529730.1|	100.000	253	0	0	1	253	387	639	5.79e-128	468	253	492774	N/A	Rhizobium alamii strain LC14 16S ribosomal RNA gene, partial sequence
ASV_1868	gi|2702916310|gb|PP529729.1|	100.000	253	0	0	1	253	370	622	5.79e-128	468	253	492774	N/A	Rhizobium alamii strain LC13 16S ribosomal RNA gene, partial sequence
ASV_1868	gi|2699406786|gb|PP494579.1|	100.000	253	0	0	1	253	441	693	5.79e-128	468	253	492774	N/A	Rhizobium alamii strain HX37 16S ribosomal RNA gene, partial sequence
ASV_1868	gi|2699406784|gb|PP494577.1|	100.000	253	0	0	1	253	433	685	5.79e-128	468	253	50338	N/A	Rhizobium sullae strain HX29 16S ribosomal RNA gene, partial sequence
ASV_1868	gi|2689334509|gb|PP411538.1|	100.000	253	0	0	1	253	353	605	5.79e-128	468	253	335017	N/A	Rhizobium mesosinicum strain IRAMC:0168 16S ribosomal RNA gene, partial sequence
ASV_1868	gi|2647494078|gb|PP111662.1|	100.000	253	0	0	1	253	456	708	5.79e-128	468	253	492774	N/A	Rhizobium alamii strain CPO_E3-20 16S ribosomal RNA gene, partial sequence
ASV_1868	gi|2638789365|gb|PP029394.1|	100.000	253	0	0	1	253	413	665	5.79e-128	468	253	492774	N/A	Rhizobium alamii strain RCA33 16S ribosomal RNA gene, partial sequence
ASV_1868	gi|2611871110|gb|OR754800.1|	100.000	253	0	0	1	253	419	671	5.79e-128	468	253	492774	N/A	Rhizobium alamii strain PvR117 16S ribosomal RNA gene, partial sequence
ASV_1868	gi|2611871046|gb|OR754772.1|	100.000	253	0	0	1	253	414	666	5.79e-128	468	253	492774	N/A	Rhizobium alamii strain PvR072 16S ribosomal RNA gene, partial sequence
ASV_1868	gi|2591095535|gb|OR648175.1|	100.000	253	0	0	1	253	391	643	5.79e-128	468	253	391	N/A	Rhizobium sp. strain EB7 16S ribosomal RNA gene, partial sequence
ASV_1868	gi|2591094111|gb|OR648115.1|	100.000	253	0	0	1	253	379	631	5.79e-128	468	253	391	N/A	Rhizobium sp. strain EB4 16S ribosomal RNA gene, partial sequence
ASV_1868	gi|2563221393|gb|OR447587.1|	100.000	253	0	0	1	253	385	637	5.79e-128	468	253	492774	N/A	Rhizobium alamii strain WNB13 16S ribosomal RNA gene, partial sequence
ASV_1868	gi|2563221392|gb|OR447586.1|	100.000	253	0	0	1	253	405	657	5.79e-128	468	253	492774	N/A	Rhizobium alamii strain WNB12 16S ribosomal RNA gene, partial sequence
ASV_1868	gi|2425865816|gb|OQ236358.1|	100.000	253	0	0	1	253	468	720	5.79e-128	468	253	56730	N/A	Rhizobium gallicum strain RL00701 16S ribosomal RNA gene, partial sequence
ASV_1868	gi|2425865802|gb|OQ236344.1|	100.000	253	0	0	1	253	468	720	5.79e-128	468	253	56730	N/A	Rhizobium gallicum strain RS2020 16S ribosomal RNA gene, partial sequence
ASV_1868	gi|2425865794|gb|OQ236336.1|	100.000	253	0	0	1	253	469	721	5.79e-128	468	253	56730	N/A	Rhizobium gallicum strain RT00801 16S ribosomal RNA gene, partial sequence
ASV_1868	gi|2449303661|gb|OQ509763.1|	100.000	253	0	0	1	253	8	260	5.79e-128	468	253	335017	N/A	Rhizobium mesosinicum strain MYC-9D 16S ribosomal RNA gene, partial sequence
ASV_1916	gi|2872330490|gb|PQ794298.1|	99.605	253	1	0	1	253	179	431	2.69e-126	462	253	77133;1869227	N/A	Uncultured bacterium clone OTU125 16S ribosomal RNA gene, partial sequence
ASV_2031	gi|1150392604|gb|KY176965.1|	99.209	253	2	0	1	253	487	739	1.25e-124	457	253	65475	N/A	Sporichthya sp. strain S708 16S ribosomal RNA gene, partial sequence
ASV_2047	gi|3048840025|dbj|AP043665.1|	100.000	253	0	0	1	253	3530739	3530487	5.79e-128	468	253	182220	N/A	Mycolicibacterium murale SRL2023-035 DNA, complete genome
ASV_2047	gi|3023463124|gb|PV936635.1|	100.000	253	0	0	1	253	449	701	5.79e-128	468	253	1804	N/A	Mycolicibacterium gilvum strain PD-6 16S ribosomal RNA gene, partial sequence
ASV_2047	gi|3023463118|gb|PV936632.1|	100.000	253	0	0	1	253	431	683	5.79e-128	468	253	59750	N/A	Mycolicibacterium wolinskyi strain PD-3 16S ribosomal RNA gene, partial sequence
ASV_2047	gi|2961957204|gb|PV570220.1|	100.000	253	0	0	1	253	419	671	5.79e-128	468	253	39695	N/A	Mycolicibacterium tokaiense strain BM58 16S ribosomal RNA gene, partial sequence
ASV_2047	gi|2952554774|gb|PV453473.1|	100.000	253	0	0	1	253	495	747	5.79e-128	468	253	2320850	N/A	Mycolicibacterium sp. strain KR2-40 16S ribosomal RNA gene, partial sequence
ASV_2047	gi|2952554626|gb|PV453275.1|	100.000	253	0	0	1	253	508	760	5.79e-128	468	253	2320850	N/A	Mycolicibacterium sp. strain CN2-179A 16S ribosomal RNA gene, partial sequence
ASV_2047	gi|2952554623|gb|PV453272.1|	100.000	253	0	0	1	253	487	739	5.79e-128	468	253	2320850	N/A	Mycolicibacterium sp. strain CN2-143 16S ribosomal RNA gene, partial sequence
ASV_2047	gi|2950574030|gb|PV449581.1|	100.000	253	0	0	1	253	495	747	5.79e-128	468	253	2320850	N/A	Mycolicibacterium sp. strain VNQ15 16S ribosomal RNA gene, partial sequence
ASV_2047	gi|2947654624|gb|CP185960.1|	100.000	253	0	0	1	253	2101611	2101863	5.79e-128	468	253	3410264	N/A	Mycolicibacterium wolinskyi str. Jessa 2025 chromosome, complete genome
ASV_2047	gi|2928944169|gb|PV276919.1|	100.000	253	0	0	1	253	510	762	5.79e-128	468	253	1785	N/A	Mycobacterium sp. strain UGA15 16S ribosomal RNA gene, partial sequence
ASV_2047	gi|2677126362|gb|PP350498.1|	100.000	253	0	0	1	253	442	694	5.79e-128	468	253	258533	N/A	Mycolicibacterium cosmeticum strain G4R23 16S ribosomal RNA gene, partial sequence
ASV_2047	gi|2905364882|gb|PV083061.1|	100.000	253	0	0	1	253	411	663	5.79e-128	468	253	258505	N/A	Mycolicibacterium fluoranthenivorans strain H-804 16S ribosomal RNA gene, partial sequence
ASV_2047	gi|2665554414|gb|PP237316.1|	100.000	253	0	0	1	253	143	395	5.79e-128	468	253	258533	N/A	Mycolicibacterium cosmeticum strain RS01/19-154NF 16S ribosomal RNA gene, partial sequence
ASV_2047	gi|2747349704|gb|PP949664.1|	100.000	253	0	0	1	253	429	681	5.79e-128	468	253	2320850	N/A	Mycolicibacterium sp. strain YC84 16S ribosomal RNA gene, partial sequence
ASV_2047	gi|2844709696|gb|PQ560734.1|	100.000	253	0	0	1	253	447	699	5.79e-128	468	253	1791	N/A	Mycolicibacterium aurum strain XIEG-2R44 16S ribosomal RNA gene, partial sequence
ASV_2047	gi|2844709686|gb|PQ560724.1|	100.000	253	0	0	1	253	437	689	5.79e-128	468	253	912594	N/A	Mycolicibacterium iranicum strain XIEG-2R23 16S ribosomal RNA gene, partial sequence
ASV_2047	gi|2843851120|gb|PQ553010.1|	100.000	253	0	0	1	253	508	760	5.79e-128	468	253	1785	N/A	Mycobacterium sp. strain SMC-4 16S ribosomal RNA gene, partial sequence
ASV_2047	gi|2782419795|gb|PQ127017.1|	100.000	253	0	0	1	253	486	738	5.79e-128	468	253	1785	N/A	Mycobacterium sp. strain SLQ-1 16S ribosomal RNA gene, partial sequence
ASV_2047	gi|2780841858|gb|PQ112206.1|	100.000	253	0	0	1	253	417	669	5.79e-128	468	253	1785	N/A	Mycobacterium sp. strain n361 16S ribosomal RNA gene, partial sequence
ASV_2047	gi|2780841856|gb|PQ112204.1|	100.000	253	0	0	1	253	417	669	5.79e-128	468	253	1785	N/A	Mycobacterium sp. strain n360 16S ribosomal RNA gene, partial sequence
ASV_2047	gi|2710388762|gb|PP587414.1|	100.000	253	0	0	1	253	477	729	5.79e-128	468	253	1785	N/A	Mycobacterium sp. strain 9a-12a 16S ribosomal RNA gene, partial sequence
ASV_2047	gi|2720819710|gb|PP716958.1|	100.000	253	0	0	1	253	447	699	5.79e-128	468	253	1785	N/A	Mycobacterium sp. strain RTM5-5 16S ribosomal RNA gene, partial sequence
ASV_2047	gi|2715066979|gb|PP621855.1|	100.000	253	0	0	1	253	433	685	5.79e-128	468	253	228230	N/A	Mycolicibacterium canariasense strain HM6 16S ribosomal RNA gene, partial sequence
ASV_2047	gi|2700707166|gb|PP504399.1|	100.000	253	0	0	1	253	413	665	5.79e-128	468	253	370524	N/A	Mycolicibacterium pallens strain FP65 16S ribosomal RNA gene, partial sequence
ASV_2047	gi|2679199919|gb|PP380081.1|	100.000	253	0	0	1	253	452	704	5.79e-128	468	253	2320850	N/A	Mycolicibacterium sp. strain YIM 152319 16S ribosomal RNA gene, partial sequence
ASV_2091	gi|2946244314|gb|PV399724.1|	99.602	251	1	0	1	251	177	427	3.48e-125	459	253	1869227	N/A	Bacterium strain ASV_947_(0.1295%) 16S ribosomal RNA gene, partial sequence
ASV_2171	gi|2872330458|gb|PQ794266.1|	100.000	254	0	0	1	254	153	406	1.62e-128	470	254	77133;1869227	N/A	Uncultured bacterium clone OTU1076 16S ribosomal RNA gene, partial sequence
ASV_2200	gi|2363085386|ref|NR_180941.1|	100.000	253	0	0	1	253	502	754	5.79e-128	468	253	2728846	N/A	Massilia polaris strain RP-1-19 16S ribosomal RNA, partial sequence
ASV_2200	gi|2363084882|ref|NR_180689.1|	100.000	253	0	0	1	253	514	766	5.79e-128	468	253	2728846	N/A	Massilia polaris strain RP-1-19 16S ribosomal RNA, partial sequence
ASV_2200	gi|2811755524|gb|PQ395082.1|	100.000	253	0	0	1	253	445	697	5.79e-128	468	253	1882437	N/A	Massilia sp. strain S5_C1_27 16S ribosomal RNA gene, partial sequence
ASV_2200	gi|2691563383|gb|PP425922.1|	100.000	253	0	0	1	253	468	720	5.79e-128	468	253	1886785	N/A	Massilia agri strain LAB5 16S ribosomal RNA gene, partial sequence
ASV_2200	gi|2640698895|gb|PP049715.1|	100.000	253	0	0	1	253	420	672	5.79e-128	468	253	2728846	N/A	Massilia polaris strain N179 16S ribosomal RNA gene, partial sequence
ASV_2200	gi|2618371363|gb|OR777952.1|	100.000	253	0	0	1	253	497	749	5.79e-128	468	253	1485217	N/A	Massilia eurypsychrophila strain 3R4 16S ribosomal RNA gene, partial sequence
ASV_2200	gi|2618371361|gb|OR777950.1|	100.000	253	0	0	1	253	497	749	5.79e-128	468	253	2792854	N/A	Massilia soli strain 3R28 16S ribosomal RNA gene, partial sequence
ASV_2200	gi|2533487649|gb|OR253392.1|	100.000	253	0	0	1	253	471	723	5.79e-128	468	253	544910	N/A	Massilia niabensis strain OCA-31 16S ribosomal RNA gene, partial sequence
ASV_2200	gi|2533487645|gb|OR253388.1|	100.000	253	0	0	1	253	471	723	5.79e-128	468	253	1485217	N/A	Massilia eurypsychrophila strain OCA-20 16S ribosomal RNA gene, partial sequence
ASV_2200	gi|2533487637|gb|OR253380.1|	100.000	253	0	0	1	253	471	723	5.79e-128	468	253	1603353	N/A	Massilia psychrophila strain OCA-14 16S ribosomal RNA gene, partial sequence
ASV_2200	gi|2533487618|gb|OR253361.1|	100.000	253	0	0	1	253	471	723	5.79e-128	468	253	1485217	N/A	Massilia eurypsychrophila strain OAR-33 16S ribosomal RNA gene, partial sequence
ASV_2200	gi|2533487616|gb|OR253359.1|	100.000	253	0	0	1	253	445	697	5.79e-128	468	253	1485217	N/A	Massilia eurypsychrophila strain OAR-32 16S ribosomal RNA gene, partial sequence
ASV_2200	gi|2562591845|gb|OR435044.1|	100.000	253	0	0	1	253	505	757	5.79e-128	468	253	1882437	N/A	Massilia sp. strain TRM82579 16S ribosomal RNA gene, partial sequence
ASV_2200	gi|2562591803|gb|OR435002.1|	100.000	253	0	0	1	253	503	755	5.79e-128	468	253	1882437	N/A	Massilia sp. strain TRM82536 16S ribosomal RNA gene, partial sequence
ASV_2200	gi|2562591521|gb|OR434720.1|	100.000	253	0	0	1	253	501	753	5.79e-128	468	253	1882437	N/A	Massilia sp. strain TRM82108 16S ribosomal RNA gene, partial sequence
ASV_2200	gi|2562591500|gb|OR434699.1|	100.000	253	0	0	1	253	521	773	5.79e-128	468	253	1882437	N/A	Massilia sp. strain TRM82087 16S ribosomal RNA gene, partial sequence
ASV_2200	gi|2562591421|gb|OR434620.1|	100.000	253	0	0	1	253	502	754	5.79e-128	468	253	1882437	N/A	Massilia sp. strain TRM82008 16S ribosomal RNA gene, partial sequence
ASV_2200	gi|2512470754|gb|OR066887.1|	100.000	253	0	0	1	253	476	728	5.79e-128	468	253	1882437	N/A	Massilia sp. strain LHD-140 16S ribosomal RNA gene, partial sequence
ASV_2200	gi|2428166931|gb|OQ254753.1|	100.000	253	0	0	1	253	467	719	5.79e-128	468	253	2792854	N/A	Massilia soli strain A59-19PF-I03 16S ribosomal RNA gene, partial sequence
ASV_2200	gi|2428166930|gb|OQ254752.1|	100.000	253	0	0	1	253	470	722	5.79e-128	468	253	2792854	N/A	Massilia soli strain A59-19SE-F01 16S ribosomal RNA gene, partial sequence
ASV_2200	gi|2277723993|gb|OP080877.1|	100.000	253	0	0	1	253	483	735	5.79e-128	468	253	1485217	N/A	Massilia eurypsychrophila strain LL3H9 16S ribosomal RNA gene, partial sequence
ASV_2200	gi|2234575931|gb|ON420933.1|	100.000	253	0	0	1	253	452	704	5.79e-128	468	253	1485217	N/A	Massilia eurypsychrophila strain PWB9 16S ribosomal RNA gene, partial sequence
ASV_2200	gi|2202533479|gb|OM891704.1|	100.000	253	0	0	1	253	460	712	5.79e-128	468	253	2751477	N/A	Janthinobacterium aquaticum strain A59-19SE-G02 16S ribosomal RNA gene, partial sequence
ASV_2200	gi|2202533465|gb|OM891690.1|	100.000	253	0	0	1	253	460	712	5.79e-128	468	253	648894	N/A	Massilia jejuensis strain A59-19SE-C02 16S ribosomal RNA gene, partial sequence
ASV_2200	gi|2087548232|gb|MZ956288.1|	100.000	253	0	0	1	253	490	742	5.79e-128	468	253	1882437	N/A	Massilia sp. strain QHT353 16S ribosomal RNA gene, partial sequence
ASV_2293	gi|3040294253|gb|PX111453.1|	100.000	253	0	0	1	253	470	722	5.79e-128	468	253	1064517	N/A	Noviherbaspirillum aurantiacum strain B3 16S ribosomal RNA gene, partial sequence
ASV_2293	gi|2648012484|gb|PP125478.1|	100.000	253	0	0	1	253	473	725	5.79e-128	468	253	1926288	N/A	Noviherbaspirillum sp. strain L1-A08 16S ribosomal RNA gene, partial sequence
ASV_2293	gi|3040294254|gb|PX111454.1|	99.605	253	1	0	1	253	469	721	2.69e-126	462	253	1064518	N/A	Noviherbaspirillum soli strain B4 16S ribosomal RNA gene, partial sequence
ASV_2293	gi|2950573976|gb|PV449527.1|	99.605	253	1	0	1	253	532	784	2.69e-126	462	253	1926288	N/A	Noviherbaspirillum sp. strain VNH141B 16S ribosomal RNA gene, partial sequence
ASV_2293	gi|2790768351|gb|PQ217093.1|	99.605	253	1	0	1	253	445	697	2.69e-126	462	253	1926288	N/A	Noviherbaspirillum sp. strain 3CR6.19 16S ribosomal RNA gene, partial sequence
ASV_2293	gi|2790768328|gb|PQ217071.1|	99.605	253	1	0	1	253	438	690	2.69e-126	462	253	1926288	N/A	Noviherbaspirillum sp. strain 4CT1W.02 16S ribosomal RNA gene, partial sequence
ASV_2293	gi|2790768306|gb|PQ217052.1|	99.605	253	1	0	1	253	421	673	2.69e-126	462	253	1926288	N/A	Noviherbaspirillum sp. strain 3CR11.58 16S ribosomal RNA gene, partial sequence
ASV_2293	gi|2790767829|gb|PQ216601.1|	99.605	253	1	0	1	253	468	720	2.69e-126	462	253	1926288	N/A	Noviherbaspirillum sp. strain 1CT2.24 16S ribosomal RNA gene, partial sequence
ASV_2293	gi|2790767676|gb|PQ216460.1|	99.605	253	1	0	1	253	434	686	2.69e-126	462	253	1926288	N/A	Noviherbaspirillum sp. strain 1CT2.03 16S ribosomal RNA gene, partial sequence
ASV_2293	gi|2648012398|gb|PP125392.1|	99.605	253	1	0	1	253	482	734	2.69e-126	462	253	1926288	N/A	Noviherbaspirillum sp. strain H1-F10 16S ribosomal RNA gene, partial sequence
ASV_2293	gi|2461130580|gb|OQ647450.1|	99.605	253	1	0	1	253	470	722	2.69e-126	462	253	1926288	N/A	Noviherbaspirillum sp. strain BFS2HR34 16S ribosomal RNA gene, partial sequence
ASV_2293	gi|2461130507|gb|OQ647378.1|	99.605	253	1	0	1	253	488	740	2.69e-126	462	253	1926288	N/A	Noviherbaspirillum sp. strain BFS2HP1 16S ribosomal RNA gene, partial sequence
ASV_2293	gi|2461130330|gb|OQ647201.1|	99.605	253	1	0	1	253	466	718	2.69e-126	462	253	1926288	N/A	Noviherbaspirillum sp. strain BFS1HR23 16S ribosomal RNA gene, partial sequence
ASV_2293	gi|2461130329|gb|OQ647200.1|	99.605	253	1	0	1	253	470	722	2.69e-126	462	253	1926288	N/A	Noviherbaspirillum sp. strain BFS1HR5 16S ribosomal RNA gene, partial sequence
ASV_2293	gi|2461130325|gb|OQ647196.1|	99.605	253	1	0	1	253	470	722	2.69e-126	462	253	1926288	N/A	Noviherbaspirillum sp. strain BFS1HR26 16S ribosomal RNA gene, partial sequence
ASV_2293	gi|2461130316|gb|OQ647187.1|	99.605	253	1	0	1	253	469	721	2.69e-126	462	253	1926288	N/A	Noviherbaspirillum sp. strain BFS1HR12 16S ribosomal RNA gene, partial sequence
ASV_2293	gi|2461130312|gb|OQ647183.1|	99.605	253	1	0	1	253	470	722	2.69e-126	462	253	1926288	N/A	Noviherbaspirillum sp. strain BFS1HP24 16S ribosomal RNA gene, partial sequence
ASV_2293	gi|2461130307|gb|OQ647178.1|	99.605	253	1	0	1	253	464	716	2.69e-126	462	253	1926288	N/A	Noviherbaspirillum sp. strain BFS1HP5 16S ribosomal RNA gene, partial sequence
ASV_2293	gi|2461130302|gb|OQ647173.1|	99.605	253	1	0	1	253	470	722	2.69e-126	462	253	1926288	N/A	Noviherbaspirillum sp. strain BFS1HP27 16S ribosomal RNA gene, partial sequence
ASV_2293	gi|2461130292|gb|OQ647163.1|	99.605	253	1	0	1	253	469	721	2.69e-126	462	253	1926288	N/A	Noviherbaspirillum sp. strain BFS1HP11 16S ribosomal RNA gene, partial sequence
ASV_2293	gi|2461130278|gb|OQ647149.1|	99.605	253	1	0	1	253	469	721	2.69e-126	462	253	1926288	N/A	Noviherbaspirillum sp. strain BFS1HB1 16S ribosomal RNA gene, partial sequence
ASV_2293	gi|2461130274|gb|OQ647145.1|	99.605	253	1	0	1	253	470	722	2.69e-126	462	253	1926288	N/A	Noviherbaspirillum sp. strain BFS1HB2 16S ribosomal RNA gene, partial sequence
ASV_2293	gi|2461130261|gb|OQ647132.1|	99.605	253	1	0	1	253	472	724	2.69e-126	462	253	1926288	N/A	Noviherbaspirillum sp. strain BFS1HA6 16S ribosomal RNA gene, partial sequence
ASV_2293	gi|2461130259|gb|OQ647130.1|	99.605	253	1	0	1	253	470	722	2.69e-126	462	253	1926288	N/A	Noviherbaspirillum sp. strain BFS1HA3 16S ribosomal RNA gene, partial sequence
ASV_2293	gi|2428167436|gb|OQ255274.1|	99.605	253	1	0	1	253	488	740	2.69e-126	462	253	1125875	N/A	Noviherbaspirillum psychrotolerans strain S8-3 16S ribosomal RNA gene, partial sequence
ASV_2410	gi|1869438454|gb|MT756113.1|	99.606	254	1	0	1	254	492	745	7.52e-127	464	254	1869227	N/A	Bacterium strain C186-4 16S ribosomal RNA gene, partial sequence
ASV_2410	gi|1869438449|gb|MT756109.1|	99.606	254	1	0	1	254	490	743	7.52e-127	464	254	1869227	N/A	Bacterium strain C169 16S ribosomal RNA gene, partial sequence
ASV_2410	gi|1869438427|gb|MT756093.1|	99.606	254	1	0	1	254	494	747	7.52e-127	464	254	1869227	N/A	Bacterium strain C127 16S ribosomal RNA gene, partial sequence
ASV_2410	gi|2843846165|gb|PQ551829.1|	99.213	254	2	0	1	254	1	254	3.50e-125	459	254	1869227	N/A	Bacterium strain OTU_950 16S ribosomal RNA gene, partial sequence
ASV_2430	gi|3023463106|gb|PV936625.1|	100.000	253	0	0	1	253	420	672	5.79e-128	468	253	171674	N/A	Inquilinus limosus strain D-3 16S ribosomal RNA gene, partial sequence
ASV_2430	gi|2677126360|gb|PP350497.1|	100.000	253	0	0	1	253	403	655	5.79e-128	468	253	1932117	N/A	Inquilinus sp. strain G1R24 16S ribosomal RNA gene, partial sequence
ASV_2430	gi|2677126358|gb|PP350496.1|	100.000	253	0	0	1	253	403	655	5.79e-128	468	253	1932117	N/A	Inquilinus sp. strain G1R23 16S ribosomal RNA gene, partial sequence
ASV_2430	gi|2677126355|gb|PP350494.1|	100.000	253	0	0	1	253	395	647	5.79e-128	468	253	1932117	N/A	Inquilinus sp. strain G1R19 16S ribosomal RNA gene, partial sequence
ASV_2430	gi|2677126353|gb|PP350493.1|	100.000	253	0	0	1	253	408	660	5.79e-128	468	253	1932117	N/A	Inquilinus sp. strain G1R14 16S ribosomal RNA gene, partial sequence
ASV_2430	gi|2677126352|gb|PP350492.1|	100.000	253	0	0	1	253	399	651	5.79e-128	468	253	1932117	N/A	Inquilinus sp. strain G1R13 16S ribosomal RNA gene, partial sequence
ASV_2430	gi|2677126350|gb|PP350491.1|	100.000	253	0	0	1	253	402	654	5.79e-128	468	253	1932117	N/A	Inquilinus sp. strain G1R12 16S ribosomal RNA gene, partial sequence
ASV_2430	gi|2677126346|gb|PP350489.1|	100.000	253	0	0	1	253	403	655	5.79e-128	468	253	1932117	N/A	Inquilinus sp. strain G1R10 16S ribosomal RNA gene, partial sequence
ASV_2430	gi|2677126343|gb|PP350487.1|	100.000	253	0	0	1	253	395	647	5.79e-128	468	253	1932117	N/A	Inquilinus sp. strain G1R6 16S ribosomal RNA gene, partial sequence
ASV_2430	gi|2677126341|gb|PP350486.1|	100.000	253	0	0	1	253	395	647	5.79e-128	468	253	1932117	N/A	Inquilinus sp. strain G1R4 16S ribosomal RNA gene, partial sequence
ASV_2430	gi|2677126339|gb|PP350485.1|	100.000	253	0	0	1	253	402	654	5.79e-128	468	253	1932117	N/A	Inquilinus sp. strain G1R3 16S ribosomal RNA gene, partial sequence
ASV_2430	gi|2677126337|gb|PP350484.1|	100.000	253	0	0	1	253	403	655	5.79e-128	468	253	1932117	N/A	Inquilinus sp. strain G1R2 16S ribosomal RNA gene, partial sequence
ASV_2430	gi|2677126335|gb|PP350483.1|	100.000	253	0	0	1	253	397	649	5.79e-128	468	253	1932117	N/A	Inquilinus sp. strain G1R1 16S ribosomal RNA gene, partial sequence
ASV_2430	gi|2871837834|gb|PQ781406.1|	100.000	253	0	0	1	253	441	693	5.79e-128	468	253	171674	N/A	Inquilinus limosus strain LG512 16S ribosomal RNA gene, partial sequence
ASV_2430	gi|2727102779|gb|PP758269.1|	100.000	253	0	0	1	253	430	682	5.79e-128	468	253	363840	N/A	Inquilinus ginsengisoli strain Gsoil 080 16S ribosomal RNA gene, partial sequence
ASV_2430	gi|2689334519|gb|PP411548.1|	100.000	253	0	0	1	253	391	643	5.79e-128	468	253	1932117	N/A	Inquilinus sp. strain IRAMC:0013 16S ribosomal RNA gene, partial sequence
ASV_2430	gi|2276710302|gb|OP050167.1|	100.000	253	0	0	1	253	441	693	5.79e-128	468	253	1932117	N/A	Inquilinus sp. strain PSB7 16S ribosomal RNA gene, partial sequence
ASV_2430	gi|2428167253|gb|OQ255091.1|	100.000	253	0	0	1	253	431	683	5.79e-128	468	253	363840	N/A	Inquilinus ginsengisoli strain S4-24 16S ribosomal RNA gene, partial sequence
ASV_2430	gi|2317215020|gb|OP646801.1|	100.000	253	0	0	1	253	423	675	5.79e-128	468	253	171674	N/A	Inquilinus limosus strain P10 16S ribosomal RNA gene, partial sequence
ASV_2430	gi|2126009403|gb|OL305810.1|	100.000	253	0	0	1	253	409	661	5.79e-128	468	253	1932117	N/A	Inquilinus sp. strain LaBFR3207 16S ribosomal RNA gene, partial sequence
ASV_2430	gi|2238160775|gb|ON495981.1|	100.000	253	0	0	1	253	398	650	5.79e-128	468	253	363840	N/A	Inquilinus ginsengisoli strain GbII 16S ribosomal RNA gene, partial sequence
ASV_2430	gi|2096267633|gb|OK178901.1|	100.000	253	0	0	1	253	432	684	5.79e-128	468	253	1932117	N/A	Inquilinus sp. strain AR3-1 16S ribosomal RNA gene, partial sequence
ASV_2430	gi|2061573395|gb|MZ489168.1|	100.000	253	0	0	1	253	393	645	5.79e-128	468	253	1932117	N/A	Inquilinus sp. strain SBW17 16S ribosomal RNA gene, partial sequence
ASV_2430	gi|2061573369|gb|MZ489153.1|	100.000	253	0	0	1	253	408	660	5.79e-128	468	253	1932117	N/A	Inquilinus sp. strain SBW2 16S ribosomal RNA gene, partial sequence
ASV_2430	gi|1927957792|gb|MW195118.1|	100.000	253	0	0	1	253	230	482	5.79e-128	468	253	1932117	N/A	Inquilinus sp. strain MDT3 16S ribosomal RNA gene, partial sequence
ASV_2453	gi|1519154207|gb|MK204992.1|	99.209	253	2	0	1	253	511	763	1.25e-124	457	253	2821487	N/A	Niastella soli strain MAH-29 16S ribosomal RNA gene, partial sequence
ASV_2453	gi|2363084152|ref|NR_180325.1|	99.209	253	2	0	1	253	511	763	1.25e-124	457	253	2821487	N/A	Niastella soli strain MAH-29 16S ribosomal RNA, partial sequence
ASV_2453	gi|1033657160|ref|NR_137250.1|	99.209	253	2	0	1	253	509	761	1.25e-124	457	253	1542731	N/A	Niastella gongjuensis strain 5GH22-11 16S ribosomal RNA, partial sequence
ASV_2453	gi|359803612|dbj|AB682409.1|	99.209	253	2	0	1	253	503	755	1.25e-124	457	253	354355	N/A	Niastella yeongjuensis gene for 16S rRNA, partial sequence, strain: NBRC 106393
ASV_2453	gi|343203463|ref|NR_043672.1|	99.209	253	2	0	1	253	512	764	1.25e-124	457	253	354355	N/A	Niastella yeongjuensis strain GR20-13 16S ribosomal RNA, partial sequence
ASV_2699	gi|3024165327|gb|PV931919.1|	100.000	253	0	0	1	253	486	738	5.79e-128	468	253	1934	N/A	Streptomyces thermovulgaris strain NP-B2 16S ribosomal RNA gene, partial sequence
ASV_2699	gi|3024165326|gb|PV931915.1|	100.000	253	0	0	1	253	481	733	5.79e-128	468	253	1934	N/A	Streptomyces thermovulgaris strain SK-B2 16S ribosomal RNA gene, partial sequence
ASV_2699	gi|3022907207|gb|PV933133.1|	100.000	253	0	0	1	253	477	729	5.79e-128	468	253	1934	N/A	Streptomyces thermovulgaris strain NP-B4 16S ribosomal RNA gene, partial sequence
ASV_2699	gi|3022664584|gb|PV932074.1|	100.000	253	0	0	1	253	479	731	5.79e-128	468	253	1934	N/A	Streptomyces thermovulgaris strain PS-L1 16S ribosomal RNA gene, partial sequence
ASV_2699	gi|3022638325|gb|PV931916.1|	100.000	253	0	0	1	253	459	711	5.79e-128	468	253	1934	N/A	Streptomyces thermovulgaris strain NP-B1 16S ribosomal RNA gene, partial sequence
ASV_2699	gi|3021979354|gb|PV926796.1|	100.000	253	0	0	1	253	486	738	5.79e-128	468	253	1934	N/A	Streptomyces thermovulgaris strain KB-B4 16S ribosomal RNA gene, partial sequence
ASV_2699	gi|1747817960|gb|MN493536.1|	100.000	253	0	0	1	253	417	669	5.79e-128	468	253	1931	N/A	Streptomyces sp. strain KD-02 16S ribosomal RNA gene, partial sequence
ASV_2699	gi|1701980595|gb|MN173255.1|	100.000	253	0	0	1	253	462	714	5.79e-128	468	253	1931	N/A	Streptomyces sp. strain B6 16S ribosomal RNA gene, partial sequence
ASV_2699	gi|1594451922|dbj|LC133182.1|	100.000	253	0	0	1	253	431	683	5.79e-128	468	253	1934	N/A	Streptomyces thermovulgaris gene for 16S ribosomal RNA, partial sequence, strain: AH1AT
ASV_2699	gi|1482844482|gb|MH305348.1|	100.000	253	0	0	1	253	503	755	5.79e-128	468	253	75292	N/A	Streptomyces thermogriseus strain BRM043931 16S ribosomal RNA gene, partial sequence
ASV_2699	gi|1482844481|gb|MH305347.1|	100.000	253	0	0	1	253	503	755	5.79e-128	468	253	75292	N/A	Streptomyces thermogriseus strain BRM043934 16S ribosomal RNA gene, partial sequence
ASV_2699	gi|1482844480|gb|MH305346.1|	100.000	253	0	0	1	253	503	755	5.79e-128	468	253	75292	N/A	Streptomyces thermogriseus strain BRM043930 16S ribosomal RNA gene, partial sequence
ASV_2699	gi|1275888330|gb|MF521436.1|	100.000	253	0	0	1	253	443	695	5.79e-128	468	253	1931	N/A	Streptomyces sp. strain XKBD2.4 16S ribosomal RNA gene, partial sequence
ASV_2699	gi|1275888297|gb|MF521435.1|	100.000	253	0	0	1	253	443	695	5.79e-128	468	253	1931	N/A	Streptomyces sp. strain XKBD2.1 16S ribosomal RNA gene, partial sequence
ASV_2699	gi|2716983611|gb|PP657598.1|	100.000	253	0	0	1	253	483	735	5.79e-128	468	253	75292	N/A	Streptomyces thermogriseus strain RMB-IAUF-1 16S ribosomal RNA gene, partial sequence
ASV_2699	gi|1198314189|gb|MF114299.1|	100.000	253	0	0	1	253	464	716	5.79e-128	468	253	1934	N/A	Streptomyces thermovulgaris strain 54-2 16S ribosomal RNA gene, partial sequence
ASV_2699	gi|2641394766|gb|PP053027.1|	100.000	253	0	0	1	253	511	763	5.79e-128	468	253	65605	N/A	Streptomyces thermoalcalitolerans strain APT3 16S ribosomal RNA gene, partial sequence
ASV_2699	gi|985481697|dbj|LC107504.1|	100.000	253	0	0	1	253	460	712	5.79e-128	468	253	75292	N/A	Streptomyces thermogriseus gene for 16S ribosomal RNA, partial sequence, strain: UICC B-72
ASV_2699	gi|985481695|dbj|LC107502.1|	100.000	253	0	0	1	253	448	700	5.79e-128	468	253	75292	N/A	Streptomyces thermogriseus gene for 16S ribosomal RNA, partial sequence, strain: UICC B-70
ASV_2699	gi|2418927401|gb|OQ154253.1|	100.000	253	0	0	1	253	432	684	5.79e-128	468	253	1934	N/A	Streptomyces thermovulgaris strain ME 11 16S ribosomal RNA gene, partial sequence
ASV_2699	gi|2199653063|gb|OM838400.1|	100.000	253	0	0	1	253	483	735	5.79e-128	468	253	1883427	N/A	Actinomycetia bacterium strain NT-T1 16S ribosomal RNA gene, partial sequence
ASV_2699	gi|2090440180|gb|OK043817.1|	100.000	253	0	0	1	253	476	728	5.79e-128	468	253	1931	N/A	Streptomyces sp. strain A5 C3 16S ribosomal RNA gene, partial sequence
ASV_2699	gi|1894868061|gb|MT910642.1|	100.000	253	0	0	1	253	440	692	5.79e-128	468	253	1931	N/A	Streptomyces sp. strain G1S-S-4-2 16S ribosomal RNA gene, partial sequence
ASV_2699	gi|1894867351|gb|MT910157.1|	100.000	253	0	0	1	253	447	699	5.79e-128	468	253	1931	N/A	Streptomyces sp. strain G1R-R4-3-22 16S ribosomal RNA gene, partial sequence
ASV_2699	gi|1894866979|gb|MT909887.1|	100.000	253	0	0	1	253	441	693	5.79e-128	468	253	1931	N/A	Streptomyces sp. strain G1R-A-4-23 16S ribosomal RNA gene, partial sequence
ASV_3103	gi|1297688665|gb|MG648150.1|	99.605	253	1	0	1	253	448	700	2.69e-126	462	253	33954	N/A	Clostridium magnum strain 120ft5 16S ribosomal RNA gene, partial sequence
ASV_3103	gi|577155675|gb|KF849330.1|	99.605	253	1	0	1	253	494	746	2.69e-126	462	253	33954	N/A	Clostridium magnum strain CN1 16S ribosomal RNA gene, partial sequence
ASV_3103	gi|268308904|gb|GU129927.1|	99.209	253	2	0	1	253	487	739	1.25e-124	457	253	33954	N/A	Clostridium magnum strain FM5 16S ribosomal RNA gene, partial sequence
ASV_3309	gi|927585050|gb|KT730049.1|	99.605	253	1	0	1	253	461	713	2.69e-126	462	253	1714837	N/A	Verrucomicrobium sp. IMCC25901 16S ribosomal RNA gene, partial sequence
ASV_3338	gi|1787507833|dbj|LC514448.1|	100.000	253	0	0	1	253	422	674	5.79e-128	468	253	568844	N/A	Microbispora hainanensis SL3-2-R-18 gene for 16S ribosomal RNA, partial sequence
ASV_3338	gi|3001725133|gb|CP191962.1|	100.000	253	0	0	1	253	2468596	2468848	5.79e-128	468	253	3239954	N/A	Microbispora sp. CA-137427 chromosome, complete genome
ASV_3338	gi|2879622322|gb|PQ849822.1|	100.000	253	0	0	1	253	478	730	5.79e-128	468	253	58117	N/A	Microbispora rosea strain BS2-4 16S ribosomal RNA gene, partial sequence
ASV_3338	gi|2783942701|gb|PQ145662.1|	100.000	253	0	0	1	253	442	694	5.79e-128	468	253	1898321	N/A	Microbispora sp. strain 42N8 16S ribosomal RNA gene, partial sequence
ASV_3338	gi|2737466417|gb|PP851008.1|	100.000	253	0	0	1	253	443	695	5.79e-128	468	253	1898321	N/A	Microbispora sp. strain 13N2 16S ribosomal RNA gene, partial sequence
ASV_3338	gi|2737466416|gb|PP851007.1|	100.000	253	0	0	1	253	446	698	5.79e-128	468	253	1898321	N/A	Microbispora sp. strain 13N1 16S ribosomal RNA gene, partial sequence
ASV_3338	gi|2962412287|ref|NR_199481.1|	100.000	253	0	0	1	253	467	719	5.79e-128	468	253	3144104	N/A	Microbispora maris strain ZYX-F-249 16S ribosomal RNA, partial sequence
ASV_3338	gi|2553039963|gb|OR351914.1|	100.000	253	0	0	1	253	482	734	5.79e-128	468	253	1898321	N/A	Microbispora sp. strain KR9 16S ribosomal RNA gene, partial sequence
ASV_3338	gi|2412597116|gb|OP999343.1|	100.000	253	0	0	1	253	485	737	5.79e-128	468	253	1712871	N/A	Microbispora catharanthi strain 21GGS2-PS59 16S ribosomal RNA gene, partial sequence
ASV_3338	gi|2363086344|ref|NR_181424.1|	100.000	253	0	0	1	253	503	755	5.79e-128	468	253	2771537	N/A	Microbispora sitophila strain NEAU-D428 16S ribosomal RNA, partial sequence
ASV_3338	gi|2363081895|ref|NR_179193.1|	100.000	253	0	0	1	253	484	736	5.79e-128	468	253	1712871	N/A	Microbispora catharanthi strain CR1-09 16S ribosomal RNA, partial sequence
ASV_3338	gi|2363081491|ref|NR_178992.1|	100.000	253	0	0	1	253	484	736	5.79e-128	468	253	2749148	N/A	Microbispora clausenae strain CLES2 16S ribosomal RNA, partial sequence
ASV_3338	gi|2193953357|gb|OM670219.1|	100.000	253	0	0	1	253	484	736	5.79e-128	468	253	1898321	N/A	Microbispora sp. strain VMFR33 16S ribosomal RNA gene, partial sequence
ASV_3338	gi|2034399018|gb|MZ150504.1|	100.000	253	0	0	1	253	402	654	5.79e-128	468	253	1898321	N/A	Microbispora sp. strain MH176 16S ribosomal RNA gene, partial sequence
ASV_3338	gi|2034399017|gb|MZ150503.1|	100.000	253	0	0	1	253	402	654	5.79e-128	468	253	1898321	N/A	Microbispora sp. strain MH184 16S ribosomal RNA gene, partial sequence
ASV_3338	gi|2034399016|gb|MZ150502.1|	100.000	253	0	0	1	253	402	654	5.79e-128	468	253	1898321	N/A	Microbispora sp. strain MH178 16S ribosomal RNA gene, partial sequence
ASV_3338	gi|1939407299|gb|MW326220.1|	100.000	253	0	0	1	253	446	698	5.79e-128	468	253	1883427	N/A	Actinomycetes bacterium strain RS9V-16 16S ribosomal RNA gene, partial sequence
ASV_3338	gi|1939407288|gb|MW326209.1|	100.000	253	0	0	1	253	422	674	5.79e-128	468	253	1883427	N/A	Actinomycetes bacterium strain RS5V-10 16S ribosomal RNA gene, partial sequence
ASV_3338	gi|1939407275|gb|MW326196.1|	100.000	253	0	0	1	253	419	671	5.79e-128	468	253	1883427	N/A	Actinomycetes bacterium strain RS19-2H 16S ribosomal RNA gene, partial sequence
ASV_3338	gi|1883785447|gb|MT826338.1|	100.000	253	0	0	1	253	423	675	5.79e-128	468	253	1898321	N/A	Microbispora sp. strain FXJ1.4066 16S ribosomal RNA gene, partial sequence
ASV_3338	gi|1883785400|gb|MT826291.1|	100.000	253	0	0	1	253	434	686	5.79e-128	468	253	1898321	N/A	Microbispora sp. strain FXJ1.4019 16S ribosomal RNA gene, partial sequence
ASV_3338	gi|1883785386|gb|MT826277.1|	100.000	253	0	0	1	253	400	652	5.79e-128	468	253	1898321	N/A	Microbispora sp. strain FXJ1.4005 16S ribosomal RNA gene, partial sequence
ASV_3338	gi|1883785385|gb|MT826276.1|	100.000	253	0	0	1	253	406	658	5.79e-128	468	253	1898321	N/A	Microbispora sp. strain FXJ1.4004 16S ribosomal RNA gene, partial sequence
ASV_3338	gi|1870083261|gb|MT760396.1|	100.000	253	0	0	1	253	391	643	5.79e-128	468	253	147065	N/A	Microbispora rosea subsp. aerata strain JCM 3076 16S ribosomal RNA gene, partial sequence
ASV_3338	gi|1869046393|gb|KX394342.2|	100.000	253	0	0	1	253	484	736	5.79e-128	468	253	2749148	N/A	Microbispora clausenae strain CLES2 16S ribosomal RNA gene, partial sequence
ASV_3401	gi|307591228|gb|GQ889439.1|	99.606	254	1	0	1	254	452	705	7.52e-127	464	254	886852	N/A	Singulisphaera sp. Io3-4 16S ribosomal RNA gene, partial sequence
ASV_3656	gi|2675948890|gb|PP341817.1|	99.605	253	1	0	1	253	462	714	2.69e-126	462	253	2053541	N/A	Cytophagales bacterium strain SBNm074 16S ribosomal RNA gene, partial sequence
ASV_3656	gi|2675948889|gb|PP341816.1|	99.605	253	1	0	1	253	467	719	2.69e-126	462	253	2053541	N/A	Cytophagales bacterium strain SBNm073 16S ribosomal RNA gene, partial sequence
ASV_3741	gi|1397641718|ref|NR_156827.1|	99.605	253	1	0	1	253	493	745	2.69e-126	462	253	1867851	N/A	Terrimonas crocea strain M1-33108 16S ribosomal RNA, partial sequence
ASV_3741	gi|1686101072|gb|MK402934.2|	99.209	253	2	0	1	253	472	724	1.25e-124	457	253	1914338	N/A	Terrimonas sp. strain FW305-C-185 16S ribosomal RNA gene, partial sequence
ASV_3741	gi|961555244|ref|NR_134213.1|	99.209	253	2	0	1	253	473	725	1.25e-124	457	253	1507286	N/A	Terrimonas arctica strain R9-86 16S ribosomal RNA, partial sequence
ASV_3741	gi|9857113|emb|AJ252591.1|	99.209	253	2	0	1	253	524	776	1.25e-124	457	253	102559	N/A	Rhizosphere soil bacterium isolate RSI-24, 16S rRNA gene (partial)
ASV_3870	gi|3060999036|gb|PX360636.1|	100.000	253	0	0	1	253	435	687	5.79e-128	468	253	1869227	N/A	Bacterium strain 0e1a4982e3b805f090c916fd730353b80ec17135 16S ribosomal RNA gene, partial sequence
ASV_3870	gi|1511239663|gb|MK143132.1|	100.000	253	0	0	1	253	366	618	5.79e-128	468	253	35761	N/A	Nocardioides sp. strain 137B-18 16S ribosomal RNA gene, partial sequence
ASV_3870	gi|1132319601|gb|KY381892.1|	100.000	253	0	0	1	253	484	736	5.79e-128	468	253	35761	N/A	Nocardioides sp. strain S326 16S ribosomal RNA gene, partial sequence
ASV_3870	gi|1124886440|gb|KX928284.1|	100.000	253	0	0	1	253	428	680	5.79e-128	468	253	35761	N/A	Nocardioides sp. strain AC220_CLC411 16S ribosomal RNA gene, partial sequence
ASV_3870	gi|2648012369|gb|PP125363.1|	100.000	253	0	0	1	253	451	703	5.79e-128	468	253	35761	N/A	Nocardioides sp. strain H1-A03 16S ribosomal RNA gene, partial sequence
ASV_3870	gi|2428167293|gb|OQ255131.1|	100.000	253	0	0	1	253	467	719	5.79e-128	468	253	2072017	N/A	Nocardioides allogilvus strain S4-64 16S ribosomal RNA gene, partial sequence
ASV_3870	gi|2428167271|gb|OQ255109.1|	100.000	253	0	0	1	253	466	718	5.79e-128	468	253	2072017	N/A	Nocardioides allogilvus strain S4-42 16S ribosomal RNA gene, partial sequence
ASV_3870	gi|2428167030|gb|OQ254868.1|	100.000	253	0	0	1	253	466	718	5.79e-128	468	253	2133958	N/A	Nocardioides currus strain S1-55 16S ribosomal RNA gene, partial sequence
ASV_3870	gi|2428167022|gb|OQ254860.1|	100.000	253	0	0	1	253	433	685	5.79e-128	468	253	2072017	N/A	Nocardioides allogilvus strain S1-47 16S ribosomal RNA gene, partial sequence
ASV_3870	gi|2428167017|gb|OQ254855.1|	100.000	253	0	0	1	253	465	717	5.79e-128	468	253	2072017	N/A	Nocardioides allogilvus strain S1-42 16S ribosomal RNA gene, partial sequence
ASV_3870	gi|2161951935|gb|OL773523.1|	100.000	253	0	0	1	253	479	731	5.79e-128	468	253	2072017	N/A	Nocardioides allogilvus strain 21LS6-111 16S ribosomal RNA gene, partial sequence
ASV_3870	gi|601589046|gb|KF974316.1|	100.000	253	0	0	1	253	450	702	5.79e-128	468	253	1480648	N/A	Nocardioides sp. G03 45-8 16S ribosomal RNA gene, partial sequence
ASV_3870	gi|485091128|gb|JQ977318.1|	100.000	253	0	0	1	253	472	724	5.79e-128	468	253	1327413	N/A	Nocardioides sp. Ms7 16S ribosomal RNA gene, partial sequence
ASV_3870	gi|485091121|gb|JQ977311.1|	100.000	253	0	0	1	253	474	726	5.79e-128	468	253	1327411	N/A	Nocardioides sp. Es7 16S ribosomal RNA gene, partial sequence
ASV_3870	gi|378558022|gb|JQ396549.1|	100.000	253	0	0	1	253	130	382	5.79e-128	468	253	1150530	N/A	Nocardioides sp. MN5-5 16S ribosomal RNA gene, partial sequence
ASV_3870	gi|378558021|gb|JQ396548.1|	100.000	253	0	0	1	253	501	753	5.79e-128	468	253	198441;1150529	N/A	Nocardioides sp. MN5-4 16S ribosomal RNA gene, partial sequence
ASV_3870	gi|308814767|emb|FR682688.1|	100.000	253	0	0	1	253	480	732	5.79e-128	468	253	875241	N/A	Nocardioides sp. R-36680 partial 16S rRNA gene, strain R-36680
ASV_3870	gi|165929465|emb|AM932441.1|	100.000	253	0	0	1	253	160	412	5.79e-128	468	253	495776	N/A	Actinobacterium Jbg11 partial 16S rRNA gene, isolate Jbg11
ASV_3870	gi|165929464|emb|AM932440.1|	100.000	253	0	0	1	253	160	412	5.79e-128	468	253	495775	N/A	Actinobacterium Jbg10 partial 16S rRNA gene, isolate Jbg10
ASV_3870	gi|146166634|gb|EF540473.1|	100.000	253	0	0	1	253	480	732	5.79e-128	468	253	440189	N/A	Nocardioides sp. 2_4V 16S ribosomal RNA gene, partial sequence
ASV_3870	gi|2738947483|gb|PP863187.1|	99.605	253	1	0	1	253	414	666	2.69e-126	462	253	1706825	N/A	Nocardioides suum strain WW-47 16S ribosomal RNA gene, partial sequence
ASV_3870	gi|2533487647|gb|OR253390.1|	99.605	253	1	0	1	253	452	704	2.69e-126	462	253	2072017	N/A	Nocardioides allogilvus strain OCA-22 16S ribosomal RNA gene, partial sequence
ASV_3870	gi|2533487634|gb|OR253377.1|	99.605	253	1	0	1	253	435	687	2.69e-126	462	253	2072017	N/A	Nocardioides allogilvus strain OCA-124 16S ribosomal RNA gene, partial sequence
ASV_3870	gi|2533487631|gb|OR253374.1|	99.605	253	1	0	1	253	452	704	2.69e-126	462	253	2072017	N/A	Nocardioides allogilvus strain OCA-121 16S ribosomal RNA gene, partial sequence
ASV_3870	gi|2533487626|gb|OR253369.1|	99.605	253	1	0	1	253	452	704	2.69e-126	462	253	2072017	N/A	Nocardioides allogilvus strain OCA-116 16S ribosomal RNA gene, partial sequence
ASV_3915	gi|1831691398|gb|MT340881.1|	100.000	253	0	0	1	253	504	756	5.79e-128	468	253	1891233	N/A	Dysgonomonas sp. strain HGC4 16S ribosomal RNA gene, partial sequence
ASV_3915	gi|1831691396|gb|MT340880.1|	100.000	253	0	0	1	253	504	756	5.79e-128	468	253	1891233	N/A	Dysgonomonas sp. strain GY617 16S ribosomal RNA gene, partial sequence
ASV_3915	gi|1831691381|gb|MT340873.1|	100.000	253	0	0	1	253	504	756	5.79e-128	468	253	1891233	N/A	Dysgonomonas sp. strain AAn4 16S ribosomal RNA gene, partial sequence
ASV_3915	gi|1796475951|gb|MN933917.1|	100.000	253	0	0	1	253	524	776	5.79e-128	468	253	1891233	N/A	Dysgonomonas sp. strain zg-930 16S ribosomal RNA gene, partial sequence
ASV_3915	gi|1040567039|ref|NR_137388.1|	100.000	253	0	0	1	253	503	755	5.79e-128	468	253	1605892	N/A	Dysgonomonas alginatilytica strain HUA-2 16S ribosomal RNA, partial sequence
ASV_3915	gi|2896021528|gb|PV031688.1|	99.605	253	1	0	1	253	503	755	2.69e-126	462	253	1605892	N/A	Dysgonomonas alginatilytica strain ADSV4 16S ribosomal RNA gene, partial sequence
ASV_3915	gi|1821115267|gb|CP049857.1|	99.209	253	2	0	1	253	351369	351117	1.25e-124	457	253	2714926	N/A	Dysgonomonas sp. HDW5A chromosome, complete genome
ASV_3915	gi|1821111738|gb|CP049858.1|	99.209	253	2	0	1	253	445845	445593	1.25e-124	457	253	2714927	N/A	Dysgonomonas sp. HDW5B chromosome, complete genome
ASV_3915	gi|1693834095|gb|MN099400.1|	99.209	253	2	0	1	253	504	756	1.25e-124	457	253	1891233	N/A	Dysgonomonas sp. strain HDW5B 16S ribosomal RNA gene, partial sequence
ASV_3915	gi|1693834094|gb|MN099399.1|	99.209	253	2	0	1	253	504	756	1.25e-124	457	253	1891233	N/A	Dysgonomonas sp. strain HDW5A 16S ribosomal RNA gene, partial sequence
ASV_3916	gi|3033664213|gb|PX048606.1|	100.000	253	0	0	1	253	530	782	5.79e-128	468	253	72226	N/A	Lysobacter sp. strain 22409 16S ribosomal RNA gene, partial sequence
ASV_3916	gi|3012972968|gb|PV874822.1|	100.000	253	0	0	1	253	119	371	5.79e-128	468	253	72226	N/A	Lysobacter sp. strain Bernburg_DiControl_Isolate_111-5 16S ribosomal RNA gene, partial sequence
ASV_3916	gi|3012972909|gb|PV874763.1|	100.000	253	0	0	1	253	115	367	5.79e-128	468	253	72226	N/A	Lysobacter sp. strain Bernburg_DiControl_Isolate_107-10 16S ribosomal RNA gene, partial sequence
ASV_3916	gi|3012972808|gb|PV874662.1|	100.000	253	0	0	1	253	107	359	5.79e-128	468	253	72226	N/A	Lysobacter sp. strain Bernburg_DiControl_Isolate_102-14 16S ribosomal RNA gene, partial sequence
ASV_3916	gi|2989133069|gb|PV715745.1|	100.000	253	0	0	1	253	473	725	5.79e-128	468	253	84531	N/A	Lysobacter antibioticus strain YMDS8 16S ribosomal RNA gene, partial sequence
ASV_3916	gi|2989133068|gb|PV715744.1|	100.000	253	0	0	1	253	474	726	5.79e-128	468	253	84531	N/A	Lysobacter antibioticus strain YMDS7 16S ribosomal RNA gene, partial sequence
ASV_3916	gi|2989133067|gb|PV715743.1|	100.000	253	0	0	1	253	469	721	5.79e-128	468	253	84531	N/A	Lysobacter antibioticus strain YMD6 16S ribosomal RNA gene, partial sequence
ASV_3916	gi|2916290244|gb|PV163876.1|	100.000	253	0	0	1	253	495	747	5.79e-128	468	253	72226	N/A	Lysobacter sp. strain lj46 16S ribosomal RNA gene, partial sequence
ASV_3916	gi|2747349690|gb|PP949650.1|	100.000	253	0	0	1	253	464	716	5.79e-128	468	253	72226	N/A	Lysobacter sp. strain YC71 16S ribosomal RNA gene, partial sequence
ASV_3916	gi|2747349626|gb|PP949586.1|	100.000	253	0	0	1	253	449	701	5.79e-128	468	253	72226	N/A	Lysobacter sp. strain YC11 16S ribosomal RNA gene, partial sequence
ASV_3916	gi|2869723003|gb|CP175666.1|	100.000	253	0	0	1	253	4816712	4816460	5.79e-128	468	253	3383698	N/A	Lysobacter sp. Hz 25 chromosome
ASV_3916	gi|2866352484|gb|PQ722055.1|	100.000	253	0	0	1	253	477	729	5.79e-128	468	253	72226	N/A	Lysobacter sp. strain ljw213 16S ribosomal RNA gene, partial sequence
ASV_3916	gi|2866352483|gb|PQ722054.1|	100.000	253	0	0	1	253	473	725	5.79e-128	468	253	72226	N/A	Lysobacter sp. strain ljw162 16S ribosomal RNA gene, partial sequence
ASV_3916	gi|2710190198|gb|PP583528.1|	100.000	253	0	0	1	253	417	669	5.79e-128	468	253	72226	N/A	Lysobacter sp. strain T29C6 16S ribosomal RNA gene, partial sequence
ASV_3916	gi|2710190025|gb|PP583355.1|	100.000	253	0	0	1	253	371	623	5.79e-128	468	253	72226	N/A	Lysobacter sp. strain T7C9 16S ribosomal RNA gene, partial sequence
ASV_3916	gi|2710190023|gb|PP583353.1|	100.000	253	0	0	1	253	417	669	5.79e-128	468	253	72226	N/A	Lysobacter sp. strain T7C7 16S ribosomal RNA gene, partial sequence
ASV_3916	gi|2836063531|gb|CP117873.1|	100.000	253	0	0	1	253	5092906	5092654	5.79e-128	468	253	69	N/A	Lysobacter enzymogenes strain Lj46 chromosome, complete genome
ASV_3916	gi|2805779848|gb|PQ344173.1|	100.000	253	0	0	1	253	497	749	5.79e-128	468	253	84531	N/A	Lysobacter antibioticus strain SM_539 16S ribosomal RNA gene, partial sequence
ASV_3916	gi|2778022373|gb|PQ075951.1|	100.000	253	0	0	1	253	532	784	5.79e-128	468	253	72226	N/A	Lysobacter sp. strain Hz 25 16S ribosomal RNA gene, partial sequence
ASV_3916	gi|2752021978|gb|PP967749.1|	100.000	253	0	0	1	253	478	730	5.79e-128	468	253	262324	N/A	Lysobacter gummosus strain RTF26 16S ribosomal RNA gene, partial sequence
ASV_3916	gi|2735053726|gb|PP819631.1|	100.000	253	0	0	1	253	453	705	5.79e-128	468	253	72226	N/A	Lysobacter sp. strain X21 16S ribosomal RNA gene, partial sequence
ASV_3916	gi|2618523430|gb|OR781337.1|	100.000	253	0	0	1	253	478	730	5.79e-128	468	253	69	N/A	Lysobacter enzymogenes strain Ca-59 16S ribosomal RNA gene, partial sequence
ASV_3916	gi|2618523423|gb|OR781330.1|	100.000	253	0	0	1	253	478	730	5.79e-128	468	253	69	N/A	Lysobacter enzymogenes strain Ca-50 16S ribosomal RNA gene, partial sequence
ASV_3916	gi|2618523404|gb|OR781311.1|	100.000	253	0	0	1	253	440	692	5.79e-128	468	253	69	N/A	Lysobacter enzymogenes strain Ca-14 16S ribosomal RNA gene, partial sequence
ASV_3916	gi|2675948896|gb|PP341823.1|	100.000	253	0	0	1	253	469	721	5.79e-128	468	253	84531	N/A	Lysobacter antibioticus strain SBNm095 16S ribosomal RNA gene, partial sequence
ASV_3978	gi|566085594|ref|NR_109674.1|	100.000	253	0	0	1	253	457	709	5.79e-128	468	253	1230389	N/A	Reyranella soli strain KIS14-15 16S ribosomal RNA, partial sequence
ASV_3978	gi|2700707227|gb|PP504460.1|	99.605	253	1	0	1	253	423	675	2.69e-126	462	253	1230389	N/A	Reyranella soli strain SP49 16S ribosomal RNA gene, partial sequence
ASV_3978	gi|2700707226|gb|PP504459.1|	99.605	253	1	0	1	253	417	669	2.69e-126	462	253	2035356	N/A	Reyranella aquatilis strain PS24 16S ribosomal RNA gene, partial sequence
ASV_3978	gi|3060999062|gb|PX360662.1|	99.209	253	2	0	1	253	409	661	1.25e-124	457	253	1869227	N/A	Bacterium strain 292faa87f669e1fd978908b47f25277d0bf46ac5 16S ribosomal RNA gene, partial sequence
ASV_3978	gi|1782942178|dbj|AB835514.1|	99.209	253	2	0	1	253	134	386	1.25e-124	457	253	1360394	N/A	Alpha proteobacterium Se3Pw_3638 gene for 16S rRNA, partial sequence
ASV_3978	gi|1782942136|dbj|AB835472.1|	99.209	253	2	0	1	253	112	364	1.25e-124	457	253	1360391	N/A	Alpha proteobacterium Se3Pw_3529 gene for 16S rRNA, partial sequence
ASV_3978	gi|1782942120|dbj|AB835456.1|	99.209	253	2	0	1	253	126	378	1.25e-124	457	253	1360389	N/A	Alpha proteobacterium Se3Pw_3508 gene for 16S rRNA, partial sequence
ASV_3978	gi|1782942114|dbj|AB835450.1|	99.209	253	2	0	1	253	115	367	1.25e-124	457	253	1360388	N/A	Alpha proteobacterium Se3Pw_3501 gene for 16S rRNA, partial sequence
ASV_3978	gi|1782942095|dbj|AB835431.1|	99.209	253	2	0	1	253	112	364	1.25e-124	457	253	1360386	N/A	Alpha proteobacterium Se3Pw_3479 gene for 16S rRNA, partial sequence
ASV_3978	gi|1782942079|dbj|AB835415.1|	99.209	253	2	0	1	253	114	366	1.25e-124	457	253	1360383	N/A	Alpha proteobacterium Se3Pw_3459 gene for 16S rRNA, partial sequence
ASV_3978	gi|1782942077|dbj|AB835413.1|	99.209	253	2	0	1	253	112	364	1.25e-124	457	253	1360382	N/A	Alpha proteobacterium Se3Pw_3457 gene for 16S rRNA, partial sequence
ASV_3978	gi|1782942063|dbj|AB835399.1|	99.209	253	2	0	1	253	112	364	1.25e-124	457	253	1360381	N/A	Alpha proteobacterium Se3Pw_3435 gene for 16S rRNA, partial sequence
ASV_3978	gi|1782942021|dbj|AB835357.1|	99.209	253	2	0	1	253	112	364	1.25e-124	457	253	1360379	N/A	Alpha proteobacterium Se3Pw_3388 gene for 16S rRNA, partial sequence
ASV_3978	gi|1782941997|dbj|AB835333.1|	99.209	253	2	0	1	253	112	364	1.25e-124	457	253	1360376	N/A	Alpha proteobacterium Se3Pw_3363 gene for 16S rRNA, partial sequence
ASV_3978	gi|1782941621|dbj|AB834959.1|	99.209	253	2	0	1	253	125	377	1.25e-124	457	253	1360368	N/A	Alpha proteobacterium Se2Pw_3311 gene for 16S rRNA, partial sequence
ASV_3978	gi|1782941617|dbj|AB834955.1|	99.209	253	2	0	1	253	127	379	1.25e-124	457	253	1360367	N/A	Alpha proteobacterium Se2Pw_3307 gene for 16S rRNA, partial sequence
ASV_3978	gi|1782941616|dbj|AB834954.1|	99.209	253	2	0	1	253	127	379	1.25e-124	457	253	1360366	N/A	Alpha proteobacterium Se2Pw_3306 gene for 16S rRNA, partial sequence
ASV_3978	gi|1782941147|dbj|AB834485.1|	99.209	253	2	0	1	253	116	368	1.25e-124	457	253	1360363	N/A	Alpha proteobacterium Se1Pw_3164 gene for 16S rRNA, partial sequence
ASV_3978	gi|1782941128|dbj|AB834466.1|	99.209	253	2	0	1	253	127	379	1.25e-124	457	253	1360361	N/A	Alpha proteobacterium Se1Pw_3143 gene for 16S rRNA, partial sequence
ASV_3978	gi|1782941122|dbj|AB834460.1|	99.209	253	2	0	1	253	116	368	1.25e-124	457	253	1360359	N/A	Alpha proteobacterium Se1Pw_3137 gene for 16S rRNA, partial sequence
ASV_3978	gi|1782941115|dbj|AB834453.1|	99.209	253	2	0	1	253	116	368	1.25e-124	457	253	1360357	N/A	Alpha proteobacterium Se1Pw_3127 gene for 16S rRNA, partial sequence
ASV_3978	gi|1782941114|dbj|AB834452.1|	99.209	253	2	0	1	253	127	379	1.25e-124	457	253	1360356	N/A	Alpha proteobacterium Se1Pw_3126 gene for 16S rRNA, partial sequence
ASV_3978	gi|1782941087|dbj|AB834425.1|	99.209	253	2	0	1	253	128	380	1.25e-124	457	253	1360354	N/A	Alpha proteobacterium Se1Pw_3093 gene for 16S rRNA, partial sequence
ASV_3978	gi|1782941084|dbj|AB834422.1|	99.209	253	2	0	1	253	116	368	1.25e-124	457	253	1360353	N/A	Alpha proteobacterium Se1Pw_3089 gene for 16S rRNA, partial sequence
ASV_3978	gi|1782941061|dbj|AB834399.1|	99.209	253	2	0	1	253	116	368	1.25e-124	457	253	1360350	N/A	Alpha proteobacterium Se1Pw_3062 gene for 16S rRNA, partial sequence
ASV_3984	gi|2784290729|gb|PQ151678.1|	100.000	253	0	0	1	253	448	700	5.79e-128	468	253	391	N/A	Rhizobium sp. strain AS14 16S ribosomal RNA gene, partial sequence
ASV_3984	gi|3012972942|gb|PV874796.1|	100.000	253	0	0	1	253	94	346	5.79e-128	468	253	391	N/A	Rhizobium sp. strain Bernburg_DiControl_Isolate_109-8 16S ribosomal RNA gene, partial sequence
ASV_3984	gi|2973175009|gb|PV628078.1|	100.000	253	0	0	1	253	415	667	5.79e-128	468	253	1869227	N/A	Bacterium strain G4 16S ribosomal RNA gene, partial sequence
ASV_3984	gi|2941027251|gb|PV369188.1|	100.000	253	0	0	1	253	400	652	5.79e-128	468	253	56731	N/A	Rhizobium giardinii strain QTB4 16S ribosomal RNA gene, partial sequence
ASV_3984	gi|2785022657|gb|PQ160419.1|	100.000	253	0	0	1	253	412	664	5.79e-128	468	253	56731	N/A	Rhizobium giardinii strain AMSKM3026 16S ribosomal RNA gene, partial sequence
ASV_3984	gi|2731086512|gb|PP783503.1|	100.000	253	0	0	1	253	433	685	5.79e-128	468	253	501024	N/A	Rhizobium tibeticum strain XBXD2 16S ribosomal RNA gene, partial sequence
ASV_3984	gi|2705493045|gb|CP149510.1|	100.000	253	0	0	1	253	42730	42478	5.79e-128	468	253	3133975	N/A	Pararhizobium sp. A13 chromosome, complete genome
ASV_3984	gi|2689334502|gb|PP411531.1|	100.000	253	0	0	1	253	377	629	5.79e-128	468	253	56731	N/A	Rhizobium giardinii strain IRAMC:0156 16S ribosomal RNA gene, partial sequence
ASV_3984	gi|2540499147|gb|OR262527.1|	100.000	253	0	0	1	253	428	680	5.79e-128	468	253	417745	N/A	Shinella kummerowiae strain JP1R-74 16S ribosomal RNA gene, partial sequence
ASV_3984	gi|2663688618|gb|PP218424.1|	100.000	253	0	0	1	253	409	661	5.79e-128	468	253	56731	N/A	Rhizobium giardinii strain RhPNDR2 16S ribosomal RNA gene, partial sequence
ASV_3984	gi|2631369401|gb|OR921893.1|	100.000	253	0	0	1	253	450	702	5.79e-128	468	253	508661	N/A	Rhizobium herbae strain HA11 16S ribosomal RNA gene, partial sequence
ASV_3984	gi|2592500992|gb|OR673297.1|	100.000	253	0	0	1	253	429	681	5.79e-128	468	253	56731	N/A	Rhizobium giardinii strain 20/1-1 16S ribosomal RNA gene, partial sequence
ASV_3984	gi|2577269151|gb|OR553929.1|	100.000	253	0	0	1	253	478	730	5.79e-128	468	253	56731	N/A	Rhizobium giardinii strain KR1-122_contig_1 16S ribosomal RNA gene, partial sequence
ASV_3984	gi|2466623470|gb|OQ690727.1|	100.000	253	0	0	1	253	437	689	5.79e-128	468	253	508661	N/A	Rhizobium herbae strain FH-5 16S ribosomal RNA gene, partial sequence
ASV_3984	gi|2466623469|gb|OQ690726.1|	100.000	253	0	0	1	253	436	688	5.79e-128	468	253	508661	N/A	Rhizobium herbae strain FH-4 16S ribosomal RNA gene, partial sequence
ASV_3984	gi|2279682056|gb|OP108772.1|	100.000	253	0	0	1	253	414	666	5.79e-128	468	253	56731	N/A	Rhizobium giardinii strain 4-6-14 16S ribosomal RNA gene, partial sequence
ASV_3984	gi|2279682049|gb|OP108765.1|	100.000	253	0	0	1	253	420	672	5.79e-128	468	253	56731	N/A	Rhizobium giardinii strain 4-2-1 16S ribosomal RNA gene, partial sequence
ASV_3984	gi|2279682046|gb|OP108762.1|	100.000	253	0	0	1	253	414	666	5.79e-128	468	253	56731	N/A	Rhizobium giardinii strain 4-1-3r 16S ribosomal RNA gene, partial sequence
ASV_3984	gi|2461130939|gb|OQ647770.1|	100.000	253	0	0	1	253	435	687	5.79e-128	468	253	1977563	N/A	Pararhizobium sp. strain BFS3LB19 16S ribosomal RNA gene, partial sequence
ASV_3984	gi|2202206017|gb|OM884542.1|	100.000	253	0	0	1	253	424	676	5.79e-128	468	253	1977563	N/A	Pararhizobium sp. strain 207 16S ribosomal RNA gene, partial sequence
ASV_3984	gi|2294996589|gb|OP364639.1|	100.000	253	0	0	1	253	439	691	5.79e-128	468	253	56731	N/A	Rhizobium giardinii strain MRHB1-131 16S ribosomal RNA gene, partial sequence
ASV_3984	gi|2246611465|gb|CP087974.1|	100.000	253	0	0	1	253	2696443	2696191	5.79e-128	468	253	2895568	N/A	Rhizobium sp. RCAM05350 strain E2-1 chromosome, complete genome
ASV_3984	gi|2246610915|gb|CP087971.1|	100.000	253	0	0	1	253	476	728	5.79e-128	468	253	2895568	N/A	Rhizobium sp. RCAM05350 strain E2-1 plasmid unnamed4, complete sequence
ASV_3984	gi|2232479270|gb|ON384548.1|	100.000	253	0	0	1	253	390	642	5.79e-128	468	253	508661	N/A	Rhizobium herbae strain N-196 16S ribosomal RNA gene, partial sequence
ASV_3984	gi|2212729783|gb|ON077254.1|	100.000	253	0	0	1	253	424	676	5.79e-128	468	253	391	N/A	Rhizobium sp. strain 229 16S ribosomal RNA gene, partial sequence
ASV_4154	gi|2986224819|gb|PV679227.1|	100.000	253	0	0	1	253	456	708	5.79e-128	468	253	1931	N/A	Streptomyces sp. strain TMB476 16S ribosomal RNA gene, partial sequence
ASV_4154	gi|3044538275|gb|PX128939.1|	100.000	253	0	0	1	253	436	688	5.79e-128	468	253	68285	N/A	Streptomyces xantholiticus strain NMS10 16S ribosomal RNA gene, partial sequence
ASV_4154	gi|3044538274|gb|PX128938.1|	100.000	253	0	0	1	253	427	679	5.79e-128	468	253	67312	N/A	Streptomyces kurssanovii strain NMS5 16S ribosomal RNA gene, partial sequence
ASV_4154	gi|3044538243|gb|PX128907.1|	100.000	253	0	0	1	253	467	719	5.79e-128	468	253	67312	N/A	Streptomyces kurssanovii strain SCS16 16S ribosomal RNA gene, partial sequence
ASV_4154	gi|3040294368|gb|PX111568.1|	100.000	253	0	0	1	253	460	712	5.79e-128	468	253	1950	N/A	Streptomyces peucetius strain B119 16S ribosomal RNA gene, partial sequence
ASV_4154	gi|3040294356|gb|PX111556.1|	100.000	253	0	0	1	253	445	697	5.79e-128	468	253	1535768	N/A	Streptomyces lunaelactis strain B107 16S ribosomal RNA gene, partial sequence
ASV_4154	gi|3040294351|gb|PX111551.1|	100.000	253	0	0	1	253	444	696	5.79e-128	468	253	68212	N/A	Streptomyces graminofaciens strain B102 16S ribosomal RNA gene, partial sequence
ASV_4154	gi|3033062167|gb|PX022944.1|	100.000	253	0	0	1	253	140	392	5.79e-128	468	253	1775900	N/A	Streptomyces luozhongensis strain S21 16S ribosomal RNA gene, partial sequence
ASV_4154	gi|3033062161|gb|PX022938.1|	100.000	253	0	0	1	253	152	404	5.79e-128	468	253	1775900	N/A	Streptomyces luozhongensis strain S14 16S ribosomal RNA gene, partial sequence
ASV_4154	gi|3033062156|gb|PX022933.1|	100.000	253	0	0	1	253	137	389	5.79e-128	468	253	1775900	N/A	Streptomyces luozhongensis strain S9 16S ribosomal RNA gene, partial sequence
ASV_4154	gi|3030773661|gb|PV988488.1|	100.000	253	0	0	1	253	447	699	5.79e-128	468	253	1919	N/A	Streptomyces microflavus strain S10_29 16S ribosomal RNA gene, partial sequence
ASV_4154	gi|3030773646|gb|PV988473.1|	100.000	253	0	0	1	253	448	700	5.79e-128	468	253	1535768	N/A	Streptomyces lunaelactis strain S10_9 16S ribosomal RNA gene, partial sequence
ASV_4154	gi|3012972842|gb|PV874696.1|	100.000	253	0	0	1	253	103	355	5.79e-128	468	253	1931	N/A	Streptomyces sp. strain Bernburg_DiControl_Isolate_104-7 16S ribosomal RNA gene, partial sequence
ASV_4154	gi|2993364175|gb|PV763167.1|	100.000	253	0	0	1	253	488	740	5.79e-128	468	253	1169025;1266770	N/A	Streptomyces pratensis strain INA 01564 16S ribosomal RNA gene, partial sequence
ASV_4154	gi|2976957569|gb|PV642508.1|	100.000	253	0	0	1	253	453	705	5.79e-128	468	253	1950	N/A	Streptomyces peucetius strain CSR27 16S ribosomal RNA gene, partial sequence
ASV_4154	gi|2959920201|gb|PV547999.1|	100.000	253	0	0	1	253	447	699	5.79e-128	468	253	382348	N/A	Streptomyces sp. C45 strain TNM02 16S ribosomal RNA gene, partial sequence
ASV_4154	gi|2947725296|gb|PV428783.1|	100.000	253	0	0	1	253	448	700	5.79e-128	468	253	66881	N/A	Streptomyces cremeus strain 16S-CR1.22824070 16S ribosomal RNA gene, partial sequence
ASV_4154	gi|2947725096|gb|PV428583.1|	100.000	253	0	0	1	253	478	730	5.79e-128	468	253	66881	N/A	Streptomyces cremeus strain 0005_32823042100268_(15) 16S ribosomal RNA gene, partial sequence
ASV_4154	gi|2940911532|gb|PV368441.1|	100.000	253	0	0	1	253	474	726	5.79e-128	468	253	1931	N/A	Streptomyces sp. strain OFR1 16S ribosomal RNA gene, partial sequence
ASV_4154	gi|2797676482|gb|PQ282573.1|	100.000	253	0	0	1	253	139	391	5.79e-128	468	253	68186	N/A	Streptomyces chryseus strain 26Des 16S ribosomal RNA gene, partial sequence
ASV_4154	gi|2805779826|gb|PQ344151.1|	100.000	253	0	0	1	253	467	719	5.79e-128	468	253	1459942	N/A	Streptomyces maoxianensis strain SM_480 16S ribosomal RNA gene, partial sequence
ASV_4154	gi|2799169082|gb|PQ288639.1|	100.000	253	0	0	1	253	450	702	5.79e-128	468	253	1931	N/A	Streptomyces sp. strain LMA284 16S ribosomal RNA gene, partial sequence
ASV_4154	gi|2784127562|gb|PQ149381.1|	100.000	253	0	0	1	253	396	648	5.79e-128	468	253	1931	N/A	Streptomyces sp. strain Da 82-12 16S ribosomal RNA gene, partial sequence
ASV_4154	gi|2775839434|gb|PQ062176.1|	100.000	253	0	0	1	253	419	671	5.79e-128	468	253	1931	N/A	Streptomyces sp. strain ATHUBA495 16S ribosomal RNA gene, partial sequence
ASV_4154	gi|2753773511|gb|PP982892.1|	100.000	253	0	0	1	253	489	741	5.79e-128	468	253	67320	N/A	Streptomyces luridus strain TQTCORM1 16S ribosomal RNA gene, partial sequence
ASV_4155	gi|1394370449|gb|MF541533.1|	100.000	253	0	0	1	253	504	756	5.79e-128	468	253	363867	N/A	Aeromicrobium ginsengisoli strain A-72 16S ribosomal RNA gene, partial sequence
ASV_4155	gi|2550031741|gb|ON974398.2|	100.000	253	0	0	1	253	501	753	5.79e-128	468	253	2969247	N/A	Aeromicrobium wangtongii strain zg-Y869 16S ribosomal RNA gene, partial sequence
ASV_4155	gi|2428167206|gb|OQ255044.1|	100.000	253	0	0	1	253	469	721	5.79e-128	468	253	363867	N/A	Aeromicrobium ginsengisoli strain S3-71 16S ribosomal RNA gene, partial sequence
ASV_4155	gi|2283193646|gb|CP102173.1|	100.000	253	0	0	1	253	2579066	2578814	5.79e-128	468	253	2969247	N/A	Aeromicrobium wangtongii strain zg-Y1379 chromosome, complete genome
ASV_4155	gi|133723340|gb|EF451733.1|	100.000	253	0	0	1	253	451	703	5.79e-128	468	253	431403	N/A	Aeromicrobium sp. RODSPM17 16S ribosomal RNA gene, partial sequence
ASV_4155	gi|2829515066|gb|PQ459640.1|	99.605	253	1	0	1	253	461	713	2.69e-126	462	253	1871063	N/A	Aeromicrobium sp. strain CF4.19 16S ribosomal RNA gene, partial sequence
ASV_4155	gi|2829515055|gb|PQ459633.1|	99.605	253	1	0	1	253	461	713	2.69e-126	462	253	1871063	N/A	Aeromicrobium sp. strain CF3.5 16S ribosomal RNA gene, partial sequence
ASV_4155	gi|2906268298|gb|PV088624.1|	99.605	253	1	0	1	253	462	714	2.69e-126	462	253	1869227	N/A	Bacterium strain HXC7-1 16S ribosomal RNA gene, partial sequence
ASV_4155	gi|2866740602|gb|PQ725714.1|	99.605	253	1	0	1	253	455	707	2.69e-126	462	253	2233852	N/A	Aeromicrobium lacus strain DR19-D 16S ribosomal RNA gene, partial sequence
ASV_4155	gi|2868812316|dbj|LC855685.1|	99.605	253	1	0	1	253	472	724	2.69e-126	462	253	1871063	N/A	Aeromicrobium sp. SCP6 gene for 16S ribosomal RNA, partial sequence
ASV_4155	gi|2836054866|gb|PQ483160.1|	99.605	253	1	0	1	253	407	659	2.69e-126	462	253	460257	N/A	Aeromicrobium ponti strain S7 16S ribosomal RNA gene, partial sequence
ASV_4155	gi|2805779793|gb|PQ344118.1|	99.605	253	1	0	1	253	463	715	2.69e-126	462	253	363867	N/A	Aeromicrobium ginsengisoli strain SCK_641 16S ribosomal RNA gene, partial sequence
ASV_4155	gi|2744506617|gb|PP928330.1|	99.605	253	1	0	1	253	458	710	2.69e-126	462	253	363867	N/A	Aeromicrobium ginsengisoli strain 9/5-3 16S ribosomal RNA gene, partial sequence
ASV_4155	gi|2451387485|gb|OQ569934.1|	99.605	253	1	0	1	253	462	714	2.69e-126	462	253	1871063	N/A	Aeromicrobium sp. strain 2ASP75-4 16S ribosomal RNA gene, partial sequence
ASV_4155	gi|2691248094|gb|PP423864.1|	99.605	253	1	0	1	253	452	704	2.69e-126	462	253	3107983	N/A	Marine bacterium strain ST1123 16S ribosomal RNA gene, partial sequence
ASV_4155	gi|2663322476|gb|PP218268.1|	99.605	253	1	0	1	253	450	702	2.69e-126	462	253	2041	N/A	Aeromicrobium erythreum strain MBT P4 16S ribosomal RNA gene, partial sequence
ASV_4155	gi|2640697906|gb|PP049540.1|	99.605	253	1	0	1	253	481	733	2.69e-126	462	253	363867	N/A	Aeromicrobium ginsengisoli strain N3 16S ribosomal RNA gene, partial sequence
ASV_4155	gi|2640697897|gb|PP049538.1|	99.605	253	1	0	1	253	410	662	2.69e-126	462	253	363867	N/A	Aeromicrobium ginsengisoli strain N1 16S ribosomal RNA gene, partial sequence
ASV_4155	gi|2623980872|gb|OR855946.1|	99.605	253	1	0	1	253	488	740	2.69e-126	462	253	2233852	N/A	Aeromicrobium lacus strain R3 16S ribosomal RNA gene, partial sequence
ASV_4155	gi|2620321554|gb|OR801603.1|	99.605	253	1	0	1	253	419	671	2.69e-126	462	253	363867	N/A	Aeromicrobium ginsengisoli strain RF120 16S ribosomal RNA gene, partial sequence
ASV_4155	gi|2564729012|gb|OR455431.1|	99.605	253	1	0	1	253	452	704	2.69e-126	462	253	1871063	N/A	Aeromicrobium sp. strain Q9 16S ribosomal RNA gene, partial sequence
ASV_4155	gi|2451340749|gb|OQ569331.1|	99.605	253	1	0	1	253	385	637	2.69e-126	462	253	1883427	N/A	Actinomycetia bacterium strain D816_2 16S ribosomal RNA gene, partial sequence
ASV_4155	gi|2363086023|ref|NR_181264.1|	99.605	253	1	0	1	253	464	716	2.69e-126	462	253	2738988	N/A	Aeromicrobium stalagmiti strain YC3-14 16S ribosomal RNA, partial sequence
ASV_4155	gi|2319130863|gb|OP682905.1|	99.605	253	1	0	1	253	390	642	2.69e-126	462	253	1871063	N/A	Aeromicrobium sp. strain CnD17-E 16S ribosomal RNA gene, partial sequence
ASV_4155	gi|2318609854|gb|OP662784.1|	99.605	253	1	0	1	253	470	722	2.69e-126	462	253	1871063	N/A	Aeromicrobium sp. strain EGI P1B076 16S ribosomal RNA gene, partial sequence
ASV_4352	gi|2843845772|gb|PQ551436.1|	99.605	253	1	0	1	253	1	253	2.69e-126	462	253	77133;1869227	N/A	Uncultured bacterium clone 611144_AL227_167789 16S ribosomal RNA gene, partial sequence
ASV_4437	gi|1612062188|gb|MK779948.1|	99.209	253	2	0	1	253	492	744	1.25e-124	457	253	2026763	N/A	Myxococcales bacterium strain SDWB-DG10 16S ribosomal RNA gene, partial sequence
ASV_4437	gi|2072425522|gb|MZ617389.1|	99.209	253	2	0	1	253	354	606	1.25e-124	457	253	1945897	N/A	Vitiosangium sp. strain SDWB-DG9 16S ribosomal RNA gene, partial sequence
ASV_4910	gi|984880394|emb|LN876522.1|	99.209	253	2	0	1	253	354	606	1.25e-124	457	253	1703126	N/A	Rhizomicrobium sp. URHE0027 partial 16S rRNA gene, strain URHE0027
ASV_5770	gi|2872331197|gb|PQ795005.1|	100.000	253	0	0	1	253	172	424	5.79e-128	468	253	1869227	N/A	Bacterium strain ASV16402 16S ribosomal RNA gene, partial sequence
ASV_5770	gi|1435878031|gb|MH698789.1|	100.000	253	0	0	1	253	508	760	5.79e-128	468	253	35761	N/A	Nocardioides sp. strain TM-S121 16S ribosomal RNA gene, partial sequence
ASV_5770	gi|1435360253|gb|MH688826.1|	100.000	253	0	0	1	253	507	759	5.79e-128	468	253	35761	N/A	Nocardioides sp. strain S315 16S ribosomal RNA gene, partial sequence
ASV_5770	gi|1150392617|gb|KY176978.1|	100.000	253	0	0	1	253	511	763	5.79e-128	468	253	35761	N/A	Nocardioides sp. strain A814 16S ribosomal RNA gene, partial sequence
ASV_5770	gi|1150392551|gb|KY122015.1|	100.000	253	0	0	1	253	535	787	5.79e-128	468	253	35761	N/A	Nocardioides sp. strain B915 16S ribosomal RNA gene, partial sequence
ASV_5770	gi|2007452077|gb|MW766934.1|	100.000	253	0	0	1	253	535	787	5.79e-128	468	253	35761	N/A	Nocardioides sp. strain BPDT-186 16S ribosomal RNA gene, partial sequence
ASV_5770	gi|343205806|ref|NR_044235.1|	100.000	253	0	0	1	253	515	767	5.79e-128	468	253	433663	N/A	Nocardioides islandensis strain MSL 26 16S ribosomal RNA, partial sequence
ASV_5770	gi|134105916|gb|EF466111.1|	100.000	253	0	0	1	253	469	721	5.79e-128	468	253	433662	N/A	Nocardioides sp. MSL 25 16S ribosomal RNA gene, partial sequence
ASV_5770	gi|1150392576|gb|KY176937.1|	99.209	253	2	0	1	253	507	759	1.25e-124	457	253	35761	N/A	Nocardioides sp. strain S78 16S ribosomal RNA gene, partial sequence
ASV_5770	gi|1150392572|gb|KY176933.1|	99.209	253	2	0	1	253	507	759	1.25e-124	457	253	35761	N/A	Nocardioides sp. strain S68 16S ribosomal RNA gene, partial sequence
ASV_5937	gi|648822150|gb|KJ611227.1|	99.209	253	2	0	1	253	471	723	1.25e-124	457	253	1506420	N/A	Polyangium sp. 14-1 16S ribosomal RNA gene, partial sequence
ASV_5937	gi|648822140|gb|KJ611226.1|	99.209	253	2	0	1	253	460	712	1.25e-124	457	253	1506419	N/A	Polyangium sp. 10-7 16S ribosomal RNA gene, partial sequence
ASV_5937	gi|648821192|gb|KJ611185.1|	99.209	253	2	0	1	253	459	711	1.25e-124	457	253	1506418	N/A	Polyangium sp. 10-11 16S ribosomal RNA gene, partial sequence
ASV_5937	gi|2028694787|gb|MW989982.1|	99.209	253	2	0	1	253	460	712	1.25e-124	457	253	2829994	N/A	Polyangium jinanense strain SDU13 16S ribosomal RNA gene, partial sequence
ASV_5937	gi|1558439488|ref|NR_160536.1|	99.209	253	2	0	1	253	549	801	1.25e-124	457	253	889274	N/A	Polyangium sorediatum strain Pl s12 16S ribosomal RNA, partial sequence
ASV_5943	gi|1782952127|dbj|AB833310.1|	100.000	253	0	0	1	253	125	377	5.79e-128	468	253	1360850	N/A	Actinoplanes sp. Ri3Ps_5251 gene for 16S rRNA, partial sequence
ASV_5943	gi|1782951024|dbj|AB832207.1|	100.000	253	0	0	1	253	130	382	5.79e-128	468	253	1359648	N/A	Actinoplanes sp. Ri1Pt_3841 gene for 16S rRNA, partial sequence
ASV_5943	gi|1782950868|dbj|AB832051.1|	100.000	253	0	0	1	253	128	380	5.79e-128	468	253	1359492	N/A	Actinoplanes sp. Ri1Ps_4789 gene for 16S rRNA, partial sequence
ASV_5943	gi|2859334875|gb|PQ626661.1|	100.000	253	0	0	1	253	482	734	5.79e-128	468	253	1871	N/A	Actinoplanes sp. strain MMS24-N6 16S ribosomal RNA gene, partial sequence
ASV_5943	gi|2731876105|gb|PP784552.1|	100.000	253	0	0	1	253	478	730	5.79e-128	468	253	512349	N/A	Actinoplanes sichuanensis strain 23ND70W-92 16S ribosomal RNA gene, partial sequence
ASV_5943	gi|1085864662|emb|LT629758.1|	100.000	253	0	0	1	253	4292150	4291898	5.79e-128	468	253	113562	N/A	Actinoplanes derwentensis strain DSM 43941 genome assembly, chromosome: I
ASV_5943	gi|2549229438|dbj|AP028461.1|	100.000	253	0	0	1	253	6359211	6358959	5.79e-128	468	253	512349	N/A	Actinoplanes sichuanensis 03-723 DNA, complete genome
ASV_5943	gi|827506373|gb|KP408168.1|	100.000	253	0	0	1	253	422	674	5.79e-128	468	253	1662694	N/A	Actinoplanes sp. MSSRFM205 16S ribosomal RNA gene, partial sequence
ASV_5943	gi|752324376|gb|KP013620.1|	100.000	253	0	0	1	253	396	648	5.79e-128	468	253	512350	N/A	Actinoplanes xinjiangensis strain YT12021 16S ribosomal RNA gene, partial sequence
ASV_5943	gi|1934610184|gb|MW272536.1|	100.000	253	0	0	1	253	498	750	5.79e-128	468	253	2792083	N/A	Actinoplanes aureus strain NEAU-A11 16S ribosomal RNA gene, partial sequence
ASV_5943	gi|1870082990|gb|MT760148.1|	100.000	253	0	0	1	253	426	678	5.79e-128	468	253	512350	N/A	Actinoplanes xinjiangensis strain CCM 7527 16S ribosomal RNA gene, partial sequence
ASV_5943	gi|318067779|dbj|AB607849.1|	100.000	253	0	0	1	253	466	718	5.79e-128	468	253	943255	N/A	Actinoplanes sp. LW-03 gene for 16S rRNA, partial sequence
ASV_5943	gi|297206683|dbj|AB563492.1|	100.000	253	0	0	1	253	466	718	5.79e-128	468	253	767912	N/A	Actinoplanes sp. MN08-A0329 gene for 16S rRNA, partial sequence
ASV_5943	gi|194359860|gb|EU841592.1|	100.000	253	0	0	1	253	451	703	5.79e-128	468	253	135945	N/A	Actinoplanes arizonaensis strain HBUM173475 16S ribosomal RNA gene, partial sequence
ASV_5943	gi|636560288|ref|NR_116348.1|	100.000	253	0	0	1	253	466	718	5.79e-128	468	253	512349	N/A	Actinoplanes sichuanensis strain 03-723 16S ribosomal RNA, partial sequence
ASV_5943	gi|636560287|ref|NR_116347.1|	100.000	253	0	0	1	253	466	718	5.79e-128	468	253	512350	N/A	Actinoplanes xinjiangensis strain 03-8772 16S ribosomal RNA, partial sequence
ASV_5943	gi|156181076|gb|EF600022.1|	100.000	253	0	0	1	253	240	492	5.79e-128	468	253	461417	N/A	Actinoplanes sp. CATR-14 16S ribosomal RNA gene, partial sequence
ASV_5943	gi|56266621|emb|AJ865473.1|	100.000	253	0	0	1	253	480	732	5.79e-128	468	253	69485	N/A	Actinoplanes garbadinensis 16S rRNA gene, strain DSM 44321
ASV_5943	gi|30172149|emb|AJ488568.1|	100.000	253	0	0	1	253	473	725	5.79e-128	468	253	196606	N/A	Actinoplanes sp. partial 16S rRNA gene, strain 8
ASV_5943	gi|30172148|emb|AJ488567.1|	100.000	253	0	0	1	253	483	735	5.79e-128	468	253	196605	N/A	Actinoplanes sp. partial 16S rRNA gene, strain 96
ASV_5943	gi|219857119|ref|NR_024747.1|	100.000	253	0	0	1	253	479	731	5.79e-128	468	253	113571	N/A	Actinoplanes rectilineatus strain IFO 13941 16S ribosomal RNA, partial sequence
ASV_5943	gi|219857117|ref|NR_024745.1|	100.000	253	0	0	1	253	479	731	5.79e-128	468	253	113568	N/A	Actinoplanes lobatus strain IFO 12513 16S ribosomal RNA, partial sequence
ASV_5943	gi|219857113|ref|NR_024741.1|	100.000	253	0	0	1	253	479	731	5.79e-128	468	253	113562	N/A	Actinoplanes derwentensis strain IFO 14935 16S ribosomal RNA, partial sequence
ASV_5943	gi|12964631|dbj|AB047507.1|	100.000	253	0	0	1	253	478	730	5.79e-128	468	253	136267	N/A	Actinoplanes sp. IFO 13944 gene for 16S rRNA, partial sequence
ASV_5943	gi|12964630|dbj|AB047506.1|	100.000	253	0	0	1	253	479	731	5.79e-128	468	253	136266	N/A	Actinoplanes sp. IFO 13943 gene for 16S rRNA, partial sequence
ASV_6591	gi|2963143102|gb|CP178916.1|	99.209	253	2	0	1	253	2330752	2330500	1.25e-124	457	253	386874	N/A	Sphingomonas sediminicola strain DSM 18106 chromosome, complete genome
ASV_6591	gi|2784172434|gb|PQ151333.1|	99.209	253	2	0	1	253	475	727	1.25e-124	457	253	28214	N/A	Sphingomonas sp. strain RP6 16S ribosomal RNA gene, partial sequence
ASV_6591	gi|2736410499|gb|PP837923.1|	99.209	253	2	0	1	253	475	727	1.25e-124	457	253	28214	N/A	Sphingomonas sp. strain RP4 16S ribosomal RNA gene, partial sequence
ASV_6591	gi|2640698797|gb|PP049697.1|	99.209	253	2	0	1	253	450	702	1.25e-124	457	253	386874	N/A	Sphingomonas sediminicola strain N161 16S ribosomal RNA gene, partial sequence
ASV_6591	gi|2843846397|gb|PQ552061.1|	99.209	253	2	0	1	253	1	253	1.25e-124	457	253	77133;1869227	N/A	Uncultured bacterium clone 989109_AL200_106403 16S ribosomal RNA gene, partial sequence
ASV_6591	gi|455590752|gb|KC492991.1|	99.209	253	2	0	1	253	435	687	1.25e-124	457	253	1298733	N/A	Sphingomonas sp. VITPRS9 16S ribosomal RNA gene, partial sequence
ASV_6591	gi|1894821443|gb|MT909169.1|	99.209	253	2	0	1	253	406	658	1.25e-124	457	253	1869227	N/A	Bacterium strain GSD10027 16S ribosomal RNA gene, partial sequence
ASV_6591	gi|1894821439|gb|MT909165.1|	99.209	253	2	0	1	253	408	660	1.25e-124	457	253	1869227	N/A	Bacterium strain GSD10023 16S ribosomal RNA gene, partial sequence
ASV_6591	gi|1893872190|gb|MT900955.1|	99.209	253	2	0	1	253	439	691	1.25e-124	457	253	1978525	N/A	Sphingomonadales bacterium strain 197 16S ribosomal RNA gene, partial sequence
ASV_6591	gi|157170554|emb|AM411908.1|	99.209	253	2	0	1	253	450	702	1.25e-124	457	253	413338	N/A	Kaistobacter sp. P-55 partial 16S rRNA gene, strain P-55
ASV_6591	gi|157170553|emb|AM411907.1|	99.209	253	2	0	1	253	450	702	1.25e-124	457	253	413337	N/A	Kaistobacter sp. P-27 partial 16S rRNA gene, strain P-27
ASV_6591	gi|157170552|emb|AM411906.1|	99.209	253	2	0	1	253	450	702	1.25e-124	457	253	413336	N/A	Kaistobacter sp. P-23 partial 16S rRNA gene, strain P-23
ASV_6591	gi|157170551|emb|AM411905.1|	99.209	253	2	0	1	253	452	704	1.25e-124	457	253	412695	N/A	Kaistobacter sp. P-54 partial 16S rRNA gene, strain P-54
ASV_6591	gi|901703599|ref|NR_132332.1|	99.209	253	2	0	1	253	459	711	1.25e-124	457	253	386874	N/A	Sphingomonas sediminicola strain Dae 20 16S ribosomal RNA, partial sequence
ASV_6788	gi|1023747205|gb|KX023435.1|	100.000	253	0	0	1	253	533	785	5.79e-128	468	253	1837417	N/A	Bacillus sp. C2BS3_SP6 16S ribosomal RNA gene, partial sequence
ASV_6788	gi|1776837001|gb|MN704456.1|	100.000	253	0	0	1	253	508	760	5.79e-128	468	253	421767	N/A	Bacillus butanolivorans strain EGI180 16S ribosomal RNA gene, partial sequence
ASV_6788	gi|1776837000|gb|MN704455.1|	100.000	253	0	0	1	253	504	756	5.79e-128	468	253	421767	N/A	Bacillus butanolivorans strain EGI179 16S ribosomal RNA gene, partial sequence
ASV_6788	gi|1776836999|gb|MN704454.1|	100.000	253	0	0	1	253	510	762	5.79e-128	468	253	421767	N/A	Bacillus butanolivorans strain EGI178 16S ribosomal RNA gene, partial sequence
ASV_6788	gi|1776836997|gb|MN704452.1|	100.000	253	0	0	1	253	506	758	5.79e-128	468	253	421767	N/A	Bacillus butanolivorans strain EGI176 16S ribosomal RNA gene, partial sequence
ASV_6788	gi|1368095509|gb|MF143451.1|	100.000	253	0	0	1	253	482	734	5.79e-128	468	253	1478;1869227	N/A	Bacterium strain ADR2A-4 16S ribosomal RNA gene, partial sequence
ASV_6788	gi|1344721512|gb|MG966118.1|	100.000	253	0	0	1	253	429	681	5.79e-128	468	253	1869227	N/A	Bacterium strain A2-4-27F.seq 16S ribosomal RNA gene, partial sequence
ASV_6788	gi|1344721412|gb|MG966018.1|	100.000	253	0	0	1	253	429	681	5.79e-128	468	253	1869227	N/A	Bacterium strain D2-8-27F.seq 16S ribosomal RNA gene, partial sequence
ASV_6788	gi|1344721352|gb|MG965958.1|	100.000	253	0	0	1	253	429	681	5.79e-128	468	253	1869227	N/A	Bacterium strain F2-9-27F.seq 16S ribosomal RNA gene, partial sequence
ASV_6788	gi|1343294404|gb|MG948174.1|	100.000	253	0	0	1	253	479	731	5.79e-128	468	253	1409	N/A	Bacillus sp. (in: Bacteria) strain Ursilor/1a 16S ribosomal RNA gene, partial sequence
ASV_6788	gi|2529059940|gb|OR220543.1|	100.000	253	0	0	1	253	491	743	5.79e-128	468	253	421767	N/A	Peribacillus butanolivorans strain P2_3_13 16S ribosomal RNA gene, partial sequence
ASV_6788	gi|2529059776|gb|OR220434.1|	100.000	253	0	0	1	253	486	738	5.79e-128	468	253	1478	N/A	Peribacillus simplex strain P1_3_15 16S ribosomal RNA gene, partial sequence
ASV_6788	gi|2667987844|gb|PP266713.1|	100.000	253	0	0	1	253	485	737	5.79e-128	468	253	1478	N/A	Peribacillus simplex strain V2641 16S ribosomal RNA gene, partial sequence
ASV_6788	gi|2634024117|gb|OR946075.1|	100.000	253	0	0	1	253	489	741	5.79e-128	468	253	1478	N/A	Peribacillus simplex strain V2641 16S ribosomal RNA gene, partial sequence
ASV_6788	gi|2609252630|gb|OR751788.1|	100.000	253	0	0	1	253	483	735	5.79e-128	468	253	1478	N/A	Peribacillus simplex strain V2640 16S ribosomal RNA gene, partial sequence
ASV_6788	gi|928470817|gb|KP992158.1|	100.000	253	0	0	1	253	505	757	5.79e-128	468	253	1714716	N/A	Bacillus sp. MNPK-1 16S ribosomal RNA gene, partial sequence
ASV_6788	gi|2270234862|gb|ON974284.1|	100.000	253	0	0	1	253	464	716	5.79e-128	468	253	421767	N/A	Peribacillus butanolivorans strain 1.1003-1 16S ribosomal RNA gene, partial sequence
ASV_6788	gi|441422307|gb|KC236632.1|	100.000	253	0	0	1	253	513	765	5.79e-128	468	253	83428;1264246	N/A	Bacillus sp. 5029 16S ribosomal RNA gene, partial sequence
ASV_6788	gi|410185032|gb|JX566628.1|	100.000	253	0	0	1	253	545	797	5.79e-128	468	253	1241674	N/A	Bacillus sp. 5078 16S ribosomal RNA gene, partial sequence
ASV_6788	gi|1913876936|gb|MW073531.1|	100.000	253	0	0	1	253	482	734	5.79e-128	468	253	1478	N/A	Peribacillus simplex strain BQ1 16S ribosomal RNA gene, partial sequence
ASV_6788	gi|1860584890|gb|MT655446.1|	100.000	253	0	0	1	253	120	372	5.79e-128	468	253	1409	N/A	Bacillus sp. (in: Bacteria) strain H9_6 16S ribosomal RNA gene, partial sequence
ASV_6788	gi|332712591|gb|JF502737.1|	100.000	253	0	0	1	253	493	745	5.79e-128	468	253	1008023	N/A	Bacillus sp. LKS-146 16S ribosomal RNA gene, partial sequence
ASV_6788	gi|190710837|emb|FM173962.1|	99.605	253	1	0	1	253	533	785	7.49e-127	464	253	541376	N/A	Bacillaceae bacterium CL5.126 partial 16S rRNA gene, isolate CL5.126
ASV_6788	gi|1079751|gb|U39933.1|BSU39933	99.605	253	1	0	1	253	254	506	7.49e-127	464	253	1478	N/A	Bacillus simplex 16S ribosomal RNA gene, partial sequence
ASV_6788	gi|3057885394|gb|PX285902.1|	99.605	253	1	0	1	253	490	742	2.69e-126	462	253	450367	N/A	Peribacillus frigoritolerans strain B1 16S ribosomal RNA gene, partial sequence
ASV_7194	gi|2872331246|gb|PQ795054.1|	99.605	253	1	0	1	253	177	429	2.69e-126	462	253	77133;1869227	N/A	Uncultured bacterium clone OTU43 16S ribosomal RNA gene, partial sequence
ASV_7819	gi|2843846235|gb|PQ551899.1|	99.209	253	2	0	1	253	1	253	1.25e-124	457	253	1869227	N/A	Bacterium strain OTU_1056 16S ribosomal RNA gene, partial sequence
ASV_8345	gi|2843846298|gb|PQ551962.1|	99.605	253	1	0	1	253	1	253	2.69e-126	462	253	77133;1869227	N/A	Uncultured bacterium clone OTU_969 16S ribosomal RNA gene, partial sequence
ASV_8459	gi|3045605215|gb|PX148876.1|	99.605	253	1	0	1	253	492	744	2.69e-126	462	253	1409	N/A	Bacillus sp. (in: firmicutes) strain LS08 16S ribosomal RNA gene, partial sequence
ASV_8459	gi|2783347619|gb|PQ135891.1|	99.605	253	1	0	1	253	485	737	2.69e-126	462	253	2567941	N/A	Metabacillus sediminilitoris strain PRZB14 16S ribosomal RNA gene, partial sequence
ASV_8459	gi|3030773655|gb|PV988482.1|	99.605	253	1	0	1	253	484	736	2.69e-126	462	253	152268	N/A	Metabacillus litoralis strain S10_19 16S ribosomal RNA gene, partial sequence
ASV_8459	gi|2980240701|gb|PV660067.1|	99.605	253	1	0	1	253	346	598	2.69e-126	462	253	2567941	N/A	Metabacillus sediminilitoris strain 23a 16S ribosomal RNA gene, partial sequence
ASV_8459	gi|2961957185|gb|PV570201.1|	99.605	253	1	0	1	253	313	565	2.69e-126	462	253	2875709	N/A	Metabacillus rhizolycopersici strain BM226 16S ribosomal RNA gene, partial sequence
ASV_8459	gi|2917936293|gb|PV185343.1|	99.605	253	1	0	1	253	527	779	2.69e-126	462	253	3402156	N/A	Metabacillus sp. HB246100 16S ribosomal RNA gene, partial sequence
ASV_8459	gi|2916035735|gb|PV156054.1|	99.605	253	1	0	1	253	513	765	2.69e-126	462	253	2567941	N/A	Metabacillus sediminilitoris strain SBCC-1704 16S ribosomal RNA gene, partial sequence
ASV_8459	gi|2895357400|gb|PV030049.1|	99.605	253	1	0	1	253	513	765	2.69e-126	462	253	152268	N/A	Metabacillus litoralis strain MIT2.16 16S ribosomal RNA gene, partial sequence
ASV_8459	gi|2890710933|gb|PQ897612.1|	99.605	253	1	0	1	253	487	739	2.69e-126	462	253	2567941	N/A	Metabacillus sediminilitoris strain 114_mar_22 16S ribosomal RNA gene, partial sequence
ASV_8459	gi|2890710932|gb|PQ897611.1|	99.605	253	1	0	1	253	491	743	2.69e-126	462	253	2567941	N/A	Metabacillus sediminilitoris strain 10_2019_184_sitio6_soil_dir 16S ribosomal RNA gene, partial sequence
ASV_8459	gi|2890710930|gb|PQ897609.1|	99.605	253	1	0	1	253	490	742	2.69e-126	462	253	152268	N/A	Metabacillus litoralis strain 117_mar_22 16S ribosomal RNA gene, partial sequence
ASV_8459	gi|2890710926|gb|PQ897605.1|	99.605	253	1	0	1	253	486	738	2.69e-126	462	253	929098	N/A	Metabacillus crassostreae strain 115_mar_22 16S ribosomal RNA gene, partial sequence
ASV_8459	gi|2863932730|gb|PQ670172.1|	99.605	253	1	0	1	253	150	402	2.69e-126	462	253	1409	N/A	Bacillus sp. (in: firmicutes) strain 2a-8 16S ribosomal RNA gene, partial sequence
ASV_8459	gi|2859652865|gb|PQ626960.1|	99.605	253	1	0	1	253	487	739	2.69e-126	462	253	1409	N/A	Bacillus sp. (in: firmicutes) strain ORB110 16S ribosomal RNA gene, partial sequence
ASV_8459	gi|2836323421|gb|PQ488793.1|	99.605	253	1	0	1	253	467	719	2.69e-126	462	253	1409	N/A	Bacillus sp. (in: firmicutes) strain MC22.1A 16S ribosomal RNA gene, partial sequence
ASV_8459	gi|2811755536|gb|PQ395094.1|	99.605	253	1	0	1	253	480	732	2.69e-126	462	253	2675275	N/A	Metabacillus sp. strain S7_3 16S ribosomal RNA gene, partial sequence
ASV_8459	gi|2738980104|gb|PP863325.1|	99.605	253	1	0	1	253	454	706	2.69e-126	462	253	549687	N/A	Cytobacillus horneckiae strain B24 16S ribosomal RNA gene, partial sequence
ASV_8459	gi|2648560108|gb|PP129671.1|	99.605	253	1	0	1	253	163	415	2.69e-126	462	253	152268	N/A	Metabacillus litoralis strain M1L4 16S ribosomal RNA gene, partial sequence
ASV_8459	gi|2623421211|gb|OR835768.1|	99.605	253	1	0	1	253	467	719	2.69e-126	462	253	1547283	N/A	Bacillus weihaiensis strain JW-15 16S ribosomal RNA gene, partial sequence
ASV_8459	gi|2562591786|gb|OR434985.1|	99.605	253	1	0	1	253	510	762	2.69e-126	462	253	2675275	N/A	Metabacillus sp. strain TRM82519 16S ribosomal RNA gene, partial sequence
ASV_8459	gi|2562591724|gb|OR434923.1|	99.605	253	1	0	1	253	506	758	2.69e-126	462	253	2675275	N/A	Metabacillus sp. strain TRM82457 16S ribosomal RNA gene, partial sequence
ASV_8459	gi|2562591680|gb|OR434879.1|	99.605	253	1	0	1	253	498	750	2.69e-126	462	253	2675275	N/A	Metabacillus sp. strain TRM82397 16S ribosomal RNA gene, partial sequence
ASV_8459	gi|2562591625|gb|OR434824.1|	99.605	253	1	0	1	253	481	733	2.69e-126	462	253	2675275	N/A	Metabacillus sp. strain TRM82213 16S ribosomal RNA gene, partial sequence
ASV_8459	gi|2562591588|gb|OR434787.1|	99.605	253	1	0	1	253	510	762	2.69e-126	462	253	2675275	N/A	Metabacillus sp. strain TRM82175 16S ribosomal RNA gene, partial sequence
ASV_8459	gi|2562591542|gb|OR434741.1|	99.605	253	1	0	1	253	517	769	2.69e-126	462	253	2675275	N/A	Metabacillus sp. strain TRM82129 16S ribosomal RNA gene, partial sequence
ASV_8520	gi|1869438420|gb|MT756088.1|	99.209	253	2	0	1	253	509	761	1.25e-124	457	253	2020867	N/A	Parasegetibacter sp. strain C102 16S ribosomal RNA gene, partial sequence
ASV_8520	gi|1869438419|gb|MT756087.1|	99.209	253	2	0	1	253	510	762	1.25e-124	457	253	2020867	N/A	Parasegetibacter sp. strain C101 16S ribosomal RNA gene, partial sequence
ASV_8521	gi|261362532|gb|GU002060.1|	99.602	251	1	0	1	251	422	672	3.47e-125	459	252	683263	N/A	Shimazuella sp. FXJ7.245 16S ribosomal RNA gene, partial sequence
ASV_8521	gi|261362533|gb|GU002061.1|	99.203	251	2	0	1	251	422	672	1.61e-123	453	252	683264	N/A	Shimazuella sp. FXJ7.246 16S ribosomal RNA gene, partial sequence
ASV_8521	gi|197245024|dbj|AB454380.1|	99.203	251	2	0	1	251	476	726	1.61e-123	453	252	555373	N/A	Shimazuella sp. K2-2 gene for 16S rRNA, partial sequence
ASV_8521	gi|39652430|dbj|AB127762.1|	99.203	251	2	0	1	251	255	505	1.61e-123	453	252	257106	N/A	Bacterium PE03-7A13 gene for 16S rRNA, partial sequence
ASV_8891	gi|24021213|gb|AF498714.1|	100.000	253	0	0	1	253	452	704	5.79e-128	468	253	204676	N/A	Bacterium Ellin332 16S ribosomal RNA gene, partial sequence
ASV_8891	gi|24021210|gb|AF498711.1|	100.000	253	0	0	1	253	452	704	5.79e-128	468	253	204674	N/A	Bacterium Ellin329 16S ribosomal RNA gene, partial sequence
ASV_8891	gi|2120570710|gb|OK625415.1|	99.526	211	1	0	1	211	389	599	6.00e-103	385	253	1978228	N/A	Rhizomicrobium sp. strain 0w13 16S ribosomal RNA gene, partial sequence
ASV_8891	gi|2025134392|gb|MW911703.1|	99.526	211	1	0	1	211	341	551	6.00e-103	385	253	1978228	N/A	Rhizomicrobium sp. strain soilL-21 16S ribosomal RNA gene, partial sequence
ASV_9935	gi|403234090|gb|JX306768.1|	99.209	253	2	0	1	253	452	704	1.25e-124	457	253	1227543	N/A	Flavobacterium sp. CZ-BJ6 16S ribosomal RNA gene, partial sequence
ASV_10579	gi|2618371384|gb|OR777973.1|	100.000	253	0	0	1	253	502	754	5.79e-128	468	253	1803913	N/A	Steroidobacter cummioxidans strain 3D54 16S ribosomal RNA gene, partial sequence
ASV_11281	gi|2112802723|gb|OK493206.1|	99.119	227	0	2	1	226	412	637	1.27e-109	407	252	518767	N/A	Deserticella xinjiangensis strain cellL-12 16S ribosomal RNA gene, partial sequence
ASV_11281	gi|3062824317|gb|PX393739.1|	99.115	226	1	1	1	225	460	685	4.58e-109	405	252	3069224	N/A	Dongiaceae bacterium strain 1_2b_35 16S ribosomal RNA gene, partial sequence
ASV_11281	gi|2125201918|gb|OK643561.1|	99.099	222	0	2	1	221	367	587	7.67e-107	398	252	518767	N/A	Deserticella xinjiangensis strain cellL-12 16S ribosomal RNA gene, partial sequence
ASV_11384	gi|2946244173|gb|PV399583.1|	99.602	251	1	0	1	251	152	402	3.48e-125	459	253	77133;1869227	N/A	Uncultured bacterium clone ASV_237_(0.201%) 16S ribosomal RNA gene, partial sequence
ASV_12146	gi|1776322098|gb|MN700653.1|	99.605	253	1	0	1	253	450	702	2.69e-126	462	253	1054297	N/A	Clostridium punense strain OFOb 16S ribosomal RNA gene, partial sequence
ASV_12146	gi|1772798931|gb|MN646974.1|	99.605	253	1	0	1	253	477	729	2.69e-126	462	253	1335065	N/A	Clostridium huakuii strain CBA7510 16S ribosomal RNA gene, partial sequence
ASV_12146	gi|2713917245|gb|PP597160.1|	99.605	253	1	0	1	253	405	657	2.69e-126	462	253	219748	N/A	Clostridium tunisiense strain PAARW048 16S ribosomal RNA gene, partial sequence
ASV_12146	gi|2642192492|gb|PP059610.1|	99.605	253	1	0	1	253	420	672	2.69e-126	462	253	219748	N/A	Clostridium tunisiense strain SB(TK)-2 16S ribosomal RNA gene, partial sequence
ASV_12146	gi|1146059171|ref|NR_145903.1|	99.605	253	1	0	1	253	496	748	2.69e-126	462	253	1054297	N/A	Clostridium punense strain BLPYG-8 16S ribosomal RNA, partial sequence
ASV_12146	gi|961555039|ref|NR_134006.1|	99.605	253	1	0	1	253	460	712	2.69e-126	462	253	1335065	N/A	Clostridium huakuii strain LAM1030 16S ribosomal RNA, partial sequence
ASV_12146	gi|374859092|gb|JQ271587.1|	99.605	253	1	0	1	253	429	681	2.69e-126	462	253	1143338	N/A	Clostridium sp. SN2_H 16S ribosomal RNA gene, partial sequence
ASV_12146	gi|332099020|gb|HM800737.1|	99.605	253	1	0	1	253	448	700	2.69e-126	462	253	1027905	N/A	Clostridium sp. IY1(2011) 16S ribosomal RNA gene, partial sequence
ASV_12146	gi|332099019|gb|HM800736.1|	99.605	253	1	0	1	253	452	704	2.69e-126	462	253	1027904	N/A	Clostridium sp. IT(2011) 16S ribosomal RNA gene, partial sequence
ASV_12146	gi|332887159|dbj|AB600546.1|	99.605	253	1	0	1	253	496	748	2.69e-126	462	253	219748	N/A	Clostridium tunisiense gene for 16S rRNA, partial sequence, strain: N71
ASV_12146	gi|94421188|gb|DQ479415.1|	99.605	253	1	0	1	253	497	749	2.69e-126	462	253	381845	N/A	Clostridium sp. CYP5 16S ribosomal RNA gene, partial sequence
ASV_12146	gi|636559104|ref|NR_115161.1|	99.605	253	1	0	1	253	497	749	2.69e-126	462	253	219748;1233099	N/A	Clostridium tunisiense strain TJ 16S ribosomal RNA, partial sequence
ASV_14630	gi|1041555623|gb|KU379665.1|	99.605	253	1	0	1	253	507	759	2.69e-126	462	253	1869185	N/A	Taibaiella sp. strain T16R-182 16S ribosomal RNA gene, partial sequence
ASV_14645	gi|2754858634|gb|PP994684.1|	99.605	253	1	0	1	253	480	732	2.69e-126	462	253	1913988	N/A	Alphaproteobacteria bacterium strain SYSU 3D8 16S ribosomal RNA gene, partial sequence
ASV_14645	gi|1148361426|gb|KX622729.1|	99.605	253	1	0	1	253	460	712	2.69e-126	462	253	1913988	N/A	Alphaproteobacteria bacterium strain IMCC25906 16S ribosomal RNA gene, partial sequence
ASV_14645	gi|2843846530|gb|PQ552194.1|	99.605	253	1	0	1	253	1	253	2.69e-126	462	253	77133;1869227	N/A	Uncultured bacterium clone OTU_2620 16S ribosomal RNA gene, partial sequence
ASV_16082	gi|1820248594|gb|MT174457.1|	100.000	253	0	0	1	253	47	299	5.79e-128	468	253	2715975	N/A	Aliinostoc sp. UIC 10877 16S ribosomal RNA gene, partial sequence
ASV_16082	gi|1820248580|gb|MT174443.1|	100.000	253	0	0	1	253	48	300	5.79e-128	468	253	2715974	N/A	Aliinostoc sp. UIC 10843 16S ribosomal RNA gene, partial sequence
ASV_16082	gi|1820248576|gb|MT174439.1|	100.000	253	0	0	1	253	48	300	5.79e-128	468	253	2715973	N/A	Aliinostoc sp. UIC 10833 16S ribosomal RNA gene, partial sequence
ASV_16082	gi|1820248572|gb|MT174435.1|	100.000	253	0	0	1	253	44	296	5.79e-128	468	253	2715972	N/A	Aliinostoc sp. UIC 10821 16S ribosomal RNA gene, partial sequence
ASV_16082	gi|1820248493|gb|MT174356.1|	100.000	253	0	0	1	253	42	294	5.79e-128	468	253	2715968	N/A	Aliinostoc sp. UIC 10624 16S ribosomal RNA gene, partial sequence
ASV_16082	gi|1406170064|gb|MH497064.1|	100.000	253	0	0	1	253	492	744	5.79e-128	468	253	2231609	N/A	Pseudoaliinostoc tiwarii LI_PS 16S ribosomal RNA gene and 16S-23S ribosomal RNA intergenic spacer, partial sequence
ASV_16082	gi|896688115|gb|AY218828.2|	100.000	253	0	0	1	253	451	703	5.79e-128	468	253	224015	N/A	Nostoc muscorum CENA61 16S ribosomal RNA gene, partial sequence; 16S-23S ribosomal RNA intergenic spacer, complete sequence; and 23S ribosomal RNA gene, partial sequence
ASV_16082	gi|2296162957|ref|NR_177906.1|	100.000	253	0	0	1	253	492	744	5.79e-128	468	253	2668108	N/A	Pseudoaliinostoc tiwarii 16S ribosomal RNA, partial sequence
ASV_16082	gi|1899880070|gb|MT984291.1|	100.000	253	0	0	1	253	385	637	5.79e-128	468	253	2770745	N/A	Aliinostoc sp. PMC 882.14 16S ribosomal RNA gene, partial sequence
ASV_16082	gi|414007777|gb|JX962720.1|	100.000	253	0	0	1	253	333	585	5.79e-128	468	253	1256056	N/A	Nostoc sp. UIC 10279 16S ribosomal RNA gene, partial sequence
ASV_16082	gi|82470910|gb|DQ185242.1|	100.000	253	0	0	1	253	444	696	5.79e-128	468	253	194379	N/A	Nostoc sp. PCC 7423 16S ribosomal RNA gene, partial sequence
ASV_16082	gi|1820248498|gb|MT174361.1|	99.605	253	1	0	1	253	50	302	2.69e-126	462	253	2715969	N/A	Aliinostoc sp. UIC 10644 16S ribosomal RNA gene, partial sequence
ASV_16082	gi|672386310|gb|KJ830948.1|	99.606	254	0	1	1	253	15	268	2.69e-126	462	253	1534403	N/A	Anabaena sp. BTA990 16S ribosomal RNA gene, partial sequence
ASV_16082	gi|2126578057|gb|OL310646.1|	99.605	253	1	0	1	253	469	721	2.69e-126	462	253	2886178	N/A	Nostoc calcicola TAU-MAC 2918 16S ribosomal RNA gene, partial sequence
ASV_16082	gi|183673444|gb|EU599122.1|	99.605	253	1	0	1	253	248	500	2.69e-126	462	253	518119	N/A	Anabaena spiroides RPAN58 16S ribosomal RNA gene, partial sequence
ASV_16082	gi|1546654155|gb|MK354278.1|	99.209	253	2	0	1	253	475	727	1.25e-124	457	253	2499874	N/A	Pseudoaliinostoc constrictum SA30 16S ribosomal RNA gene and 16S-23S ribosomal RNA intergenic spacer, partial sequence
ASV_16082	gi|1337305596|gb|MG874685.1|	99.209	253	2	0	1	253	283	535	1.25e-124	457	253	2080466	N/A	Nostoc sp. UIC 10448 16S ribosomal RNA gene, partial sequence
ASV_16082	gi|567851314|gb|KF941255.1|	99.209	253	2	0	1	253	355	607	1.25e-124	457	253	1434675	N/A	Nostoc sp. 7D9 16S ribosomal RNA gene, partial sequence
ASV_16082	gi|2072649868|gb|MZ621161.1|	99.209	253	2	0	1	253	60	312	1.25e-124	457	253	2862631	N/A	Nostocaceae cyanobacterium 0TAC 5 16S ribosomal RNA gene and 16S-23S ribosomal RNA intergenic spacer, partial sequence
ASV_16082	gi|2072685468|ref|NR_172583.1|	99.209	253	2	0	1	253	475	727	1.25e-124	457	253	2802094	N/A	Pseudoaliinostoc constrictum strain SA30 16S ribosomal RNA, partial sequence
ASV_16082	gi|2052623829|gb|MK503793.2|	99.209	253	2	0	1	253	475	727	1.25e-124	457	253	2499874	N/A	Pseudoaliinostoc constrictum SA30 16S ribosomal RNA gene and 16S-23S ribosomal RNA intergenic spacer, partial sequence
ASV_16082	gi|300392758|gb|HM359085.1|	99.209	253	2	0	1	253	283	535	1.25e-124	457	253	860614	N/A	Nostoc sp. UIC 10022A 16S ribosomal RNA gene, partial sequence
